id,area_ha,pixels,confidence,prob_mean,prob_max,slope_mean,slope_max,elev_min,elev_max,landcover,d_vv_mean,d_vh_mean,s2_clear_frac,s2_dndvi,optical,VT,VT_PCODE
S1-0159,253.3,25330,high,0.982,1.0,18.714,49.676,7.0,371.0,Tree cover,-2.598,-3.116,0.25,-0.486,cloud,Tha Byar,MMR006002004
S1-0601,98.03,9803,high,0.979,1.0,18.196,48.618,8.0,559.0,Tree cover,-2.33,-2.886,0.01,-0.765,cloud,Ka Det Gyi (Khun Hnit Thein),MMR006002017
S1-0508,90.88,9088,high,0.982,1.0,17.996,45.387,20.0,343.0,Tree cover,-2.382,-2.859,0.387,-0.484,cloud,Ti Zit,MMR006002012
S1-0110,77.14,7714,high,0.981,1.0,12.872,44.033,7.0,303.0,Tree cover,-2.297,-3.165,0.542,-0.506,supported,Kyauk Sin,MMR006002022
S1-0715,71.45,7145,high,0.982,1.0,15.784,42.783,3.0,272.0,Tree cover,-2.637,-3.234,0.569,-0.459,supported,Taw Kye,MMR006002033
S1-0277,57.48,5748,high,0.982,1.0,17.48,49.25,8.0,310.0,Tree cover,-2.6,-3.07,0.272,-0.462,cloud,Tha Byar,MMR006002004
S1-0450,54.47,5447,high,0.976,1.0,21.068,48.527,10.0,415.0,Tree cover,-2.212,-2.359,0.225,-0.436,cloud,Auk Yae Hpyu,MMR006002015
S1-0183,35.34,3534,high,0.978,1.0,18.496,44.177,13.0,251.0,Tree cover,-2.115,-2.52,0.786,-0.396,supported,Tha Byar,MMR006002004
S1-0490,34.8,3480,high,0.98,1.0,13.087,42.906,8.0,198.0,Tree cover,-2.422,-3.296,0.739,-0.506,supported,Ti Zit,MMR006002012
S1-0749,28.76,2876,high,0.981,1.0,16.118,44.392,12.0,210.0,Tree cover,-2.784,-3.003,1.0,-0.517,supported,Taw Kye,MMR006002033
S1-0121,27.45,2745,high,0.978,1.0,16.931,42.748,27.0,376.0,Tree cover,-2.543,-3.178,0.817,-0.493,supported,Kyauk Sin,MMR006002022
S1-0930,25.76,2576,high,0.971,1.0,14.901,42.411,15.0,247.0,Tree cover,-1.906,-1.709,0.0,,cloud,Kyauk Twin,MMR006002037
S1-0790,23.55,2355,high,0.978,1.0,14.744,37.333,10.0,248.0,Tree cover,-1.939,-1.866,0.71,-0.391,supported,Tha Kyet Taw,MMR006002032
S1-0702,23.17,2317,high,0.979,1.0,19.789,42.938,11.0,370.0,Tree cover,-2.787,-3.258,0.336,-0.495,cloud,Tha Pyay Shaung,MMR006002034
S1-0471,21.73,2173,high,0.983,1.0,17.097,42.396,4.0,237.0,Tree cover,-2.425,-3.256,0.282,-0.516,cloud,Auk Yae Hpyu,MMR006002015
S1-0801,20.33,2033,high,0.976,1.0,10.974,39.921,16.0,170.0,Tree cover,-2.523,-2.893,0.285,-0.38,cloud,Tha Kyet Taw,MMR006002032
S1-0927,18.37,1837,high,0.979,1.0,17.028,39.97,2.0,224.0,Tree cover,-2.284,-3.597,0.0,,cloud,Kyauk Twin,MMR006002037
S1-0829,18.35,1835,high,0.976,1.0,17.101,40.961,29.0,301.0,Tree cover,-2.422,-2.582,0.075,-0.736,cloud,Tha Kyet Taw,MMR006002032
S1-0106,17.25,1725,high,0.964,1.0,14.857,41.962,21.0,290.0,Tree cover,-2.065,-2.06,1.0,-0.231,supported,Kyauk Sin,MMR006002022
S1-0670,17.12,1712,high,0.98,1.0,26.935,48.371,56.0,405.0,Tree cover,-2.643,-2.601,0.0,,cloud,Tha Pyay Shaung,MMR006002034
S1-0411,15.31,1531,high,0.977,1.0,11.785,29.443,14.0,195.0,Tree cover,-2.477,-2.681,0.221,-0.362,cloud,Lay Thun Khan,MMR006002009
S1-0427,14.21,1421,high,0.975,1.0,22.299,47.274,51.0,291.0,Tree cover,-2.607,-2.746,0.078,-0.641,cloud,Lay Thun Khan,MMR006002009
S1-0428,14.09,1409,high,0.979,1.0,18.407,38.938,17.0,229.0,Tree cover,-2.427,-2.727,0.089,-0.519,cloud,Lay Thun Khan,MMR006002009
S1-0139,13.7,1370,high,0.972,1.0,21.708,44.116,61.0,374.0,Tree cover,-2.61,-2.178,0.394,-0.426,cloud,Kyauk Sin,MMR006002022
S1-0754,13.65,1365,high,0.975,1.0,15.865,37.551,173.0,376.0,Tree cover,-2.32,-2.598,0.004,-0.325,cloud,Taw Kye,MMR006002033
S1-0866,13.48,1348,high,0.984,1.0,18.97,40.196,6.0,374.0,Tree cover,-2.589,-3.502,0.022,-0.429,cloud,Tha Kyet Taw,MMR006002032
S1-0763,13.33,1333,high,0.977,1.0,14.888,37.802,3.0,158.0,Tree cover,-2.35,-2.588,1.0,-0.395,supported,Taw Kye,MMR006002033
S1-0826,12.81,1281,high,0.976,1.0,20.297,36.071,10.0,302.0,Tree cover,-2.424,-2.542,0.112,-0.455,cloud,Tha Kyet Taw,MMR006002032
S1-0451,12.69,1269,high,0.98,1.0,33.142,53.008,149.0,447.0,Tree cover,-2.388,-2.366,0.0,,cloud,Auk Yae Hpyu,MMR006002015
S1-0326,12.34,1234,high,0.984,1.0,14.904,46.567,14.0,262.0,Tree cover,-2.862,-3.617,0.353,-0.51,cloud,Tha Byar,MMR006002004
S1-0160,12.16,1216,high,0.976,1.0,22.367,40.736,109.0,336.0,Tree cover,-3.031,-3.256,0.514,-0.466,supported,Tha Byar,MMR006002004
S1-0666,11.92,1192,high,0.981,1.0,24.852,44.401,161.0,422.0,Tree cover,-2.321,-2.814,0.0,,cloud,Tha Pyay Shaung,MMR006002034
S1-0934,11.74,1174,high,0.978,1.0,16.079,43.646,5.0,290.0,Tree cover,-2.766,-2.896,0.0,,cloud,Za Lut,MMR006002036
S1-0478,11.42,1142,high,0.976,1.0,22.499,51.761,17.0,362.0,Tree cover,-2.391,-2.517,0.0,,cloud,Auk Yae Hpyu,MMR006002015
S1-0918,11.36,1136,high,0.975,1.0,19.912,50.964,8.0,262.0,Tree cover,-1.97,-2.465,0.689,-0.351,supported,Kyauk Twin,MMR006002037
S1-0559,11.03,1103,high,0.977,1.0,22.906,45.176,29.0,285.0,Tree cover,-2.6,-2.371,1.0,-0.549,supported,Ti Zit,MMR006002012
S1-0589,10.99,1099,high,0.971,1.0,20.073,44.712,26.0,309.0,Tree cover,-2.12,-2.362,0.0,,cloud,Ka Det Gyi (Khun Hnit Thein),MMR006002017
S1-0407,10.75,1075,high,0.975,1.0,24.963,44.647,62.0,241.0,Tree cover,-2.246,-2.416,0.0,,cloud,Lay Thun Khan,MMR006002009
S1-0423,10.61,1061,high,0.975,1.0,15.191,38.069,29.0,211.0,Tree cover,-1.843,-2.726,0.0,,cloud,Lay Thun Khan,MMR006002009
S1-0776,10.53,1053,high,0.974,1.0,20.1,37.963,105.0,271.0,Tree cover,-2.358,-2.414,0.636,-0.59,supported,Taw Kye,MMR006002033
S1-0969,10.51,1051,high,0.973,1.0,11.072,33.806,12.0,103.0,Tree cover,-2.528,-2.519,1.0,-0.359,supported,Za Lut,MMR006002036
S1-0449,10.48,1048,high,0.969,1.0,14.849,43.283,12.0,206.0,Tree cover,-1.99,-2.449,0.0,,cloud,Auk Yae Hpyu,MMR006002015
S1-0922,10.41,1041,high,0.977,1.0,15.856,46.915,4.0,174.0,Tree cover,-2.161,-2.208,0.0,,cloud,Tha Kyet Taw,MMR006002032
S1-0778,10.07,1007,high,0.969,1.0,19.954,37.147,23.0,269.0,Tree cover,-2.005,-2.09,0.429,-0.348,cloud,Taw Kye,MMR006002033
S1-0683,9.79,979,high,0.976,1.0,22.356,38.442,31.0,230.0,Tree cover,-2.217,-2.56,0.025,-0.354,cloud,Tha Pyay Shaung,MMR006002034
S1-0347,9.75,975,high,0.969,1.0,15.963,38.024,45.0,180.0,Tree cover,-1.839,-2.114,0.003,-0.207,cloud,Tha Byar,MMR006002004
S1-0730,9.64,964,high,0.978,1.0,14.799,47.977,14.0,167.0,Tree cover,-2.903,-3.044,1.0,-0.492,supported,Taw Kye,MMR006002033
S1-0840,9.41,941,high,0.968,1.0,18.714,36.0,61.0,266.0,Tree cover,-3.03,-2.832,0.0,,cloud,Tha Kyet Taw,MMR006002032
S1-0435,9.27,927,high,0.979,1.0,19.977,34.988,126.0,388.0,Tree cover,-2.524,-2.433,0.0,,cloud,Auk Yae Hpyu,MMR006002015
S1-0697,9.25,925,high,0.977,1.0,21.295,39.239,178.0,374.0,Tree cover,-2.309,-2.384,0.0,,cloud,Tha Pyay Shaung,MMR006002034
S1-0179,9.18,918,high,0.981,1.0,23.94,46.093,33.0,336.0,Tree cover,-3.972,-4.555,0.0,,cloud,Pan Da Le,MMR006002006
S1-0256,9.12,912,high,0.976,1.0,22.76,44.571,118.0,363.0,Tree cover,-2.244,-2.538,0.0,,cloud,Tha Byar,MMR006002004
S1-0201,8.78,878,high,0.969,1.0,20.999,46.567,173.0,438.0,Tree cover,-2.227,-2.152,0.006,-0.646,cloud,Tha Byar,MMR006002004
S1-0442,8.46,846,high,0.975,1.0,28.51,51.733,62.0,399.0,Tree cover,-2.287,-2.433,0.213,-0.06,cloud,Auk Yae Hpyu,MMR006002015
S1-0684,8.11,811,high,0.968,1.0,25.963,44.866,127.0,443.0,Tree cover,-2.174,-2.195,0.0,,cloud,Tha Pyay Shaung,MMR006002034
S1-0989,7.79,779,high,0.98,1.0,20.954,33.656,61.0,226.0,Tree cover,-2.706,-2.977,1.0,-0.453,supported,Kyauk Ni Maw,MMR006002040
S1-0999,7.74,774,high,0.976,1.0,15.111,39.263,27.0,163.0,Tree cover,-2.571,-2.577,1.0,-0.471,supported,Kyauk Ni Maw,MMR006002040
S1-0043,7.73,773,medium,0.955,1.0,18.144,41.455,20.0,180.0,Tree cover,-1.14,-1.481,0.0,,cloud,Sa Khan Gyi,MMR006002029
S1-0675,7.72,772,high,0.978,1.0,23.219,41.17,252.0,419.0,Tree cover,-2.759,-2.531,0.0,,cloud,Tha Pyay Shaung,MMR006002034
S1-0558,7.71,771,high,0.979,1.0,29.318,44.778,102.0,457.0,Tree cover,-3.323,-3.32,0.0,,cloud,Ka Det Gyi (Khun Hnit Thein),MMR006002017
S1-0948,7.42,742,high,0.978,1.0,18.139,35.286,3.0,232.0,Tree cover,-2.628,-2.714,1.0,-0.447,supported,Kyauk Twin,MMR006002037
S1-1060,7.33,733,high,0.97,1.0,24.682,41.138,46.0,249.0,Tree cover,-2.055,-2.484,0.293,-0.551,cloud,Kyauk Mat Tat,MMR006002038
S1-0487,7.16,716,high,0.983,1.0,25.064,42.504,214.0,404.0,Tree cover,-2.901,-2.986,0.923,-0.568,supported,Ti Zit,MMR006002012
S1-0708,7.1,710,high,0.983,1.0,22.422,39.817,23.0,227.0,Tree cover,-2.914,-2.907,0.494,-0.519,cloud,Tha Pyay Shaung,MMR006002034
S1-0616,7.04,704,high,0.974,1.0,26.947,46.038,114.0,440.0,Tree cover,-3.256,-3.868,0.952,-0.662,supported,Tha Pyay Shaung,MMR006002034
S1-0716,6.91,691,high,0.974,1.0,20.652,37.654,10.0,136.0,Tree cover,-2.067,-1.945,1.0,-0.497,supported,Tha Pyay Shaung,MMR006002034
S1-0190,6.84,684,high,0.977,1.0,23.995,42.9,173.0,406.0,Tree cover,-3.063,-2.373,0.0,,cloud,Kyauk Sin,MMR006002022
S1-0547,6.77,677,high,0.979,1.0,25.114,45.918,99.0,315.0,Tree cover,-2.457,-2.544,0.0,,cloud,Ka Det Gyi (Khun Hnit Thein),MMR006002017
S1-0297,6.66,666,high,0.967,1.0,7.941,31.246,37.0,101.0,Tree cover,-1.46,-2.223,0.071,-0.44,cloud,Tha Byar,MMR006002004
S1-0963,6.61,661,high,0.974,1.0,16.647,41.183,54.0,276.0,Tree cover,-4.032,-5.203,0.009,-0.739,cloud,Za Lut,MMR006002036
S1-0755,6.51,651,high,0.976,1.0,5.36,25.335,3.0,25.0,Tree cover,-2.757,-3.225,1.0,-0.423,supported,Taw Kye,MMR006002033
S1-1001,6.36,636,high,0.986,1.0,26.919,41.296,71.0,218.0,Tree cover,-3.443,-3.659,0.475,-0.662,cloud,Kyauk Ni Maw,MMR006002040
S1-0607,6.23,623,high,0.984,1.0,21.251,36.126,34.0,214.0,Tree cover,-3.018,-3.034,0.0,,cloud,Ka Det Gyi (Khun Hnit Thein),MMR006002017
S1-0400,6.1,610,high,0.971,1.0,13.332,27.199,101.0,224.0,Tree cover,-3.265,-5.12,0.272,-0.721,cloud,Nyin Maw,MMR006002011
S1-0542,5.92,592,high,0.974,1.0,15.81,41.526,24.0,153.0,Tree cover,-2.59,-4.146,1.0,-0.681,supported,Ti Zit,MMR006002012
S1-0659,5.83,583,high,0.977,1.0,17.456,34.186,325.0,471.0,Tree cover,-3.084,-3.37,0.0,,cloud,Tha Pyay Shaung,MMR006002034
S1-0086,5.6,560,high,0.968,1.0,13.355,33.401,28.0,90.0,Tree cover,-2.092,-2.069,0.954,-0.189,supported,Kyauk Sin,MMR006002022
S1-0528,5.56,556,high,0.977,1.0,7.141,28.089,15.0,69.0,Tree cover,-2.209,-3.187,0.0,,cloud,Auk Yae Hpyu,MMR006002015
S1-0780,5.4,540,high,0.966,1.0,14.476,34.988,147.0,321.0,Tree cover,-2.459,-2.36,0.322,-0.413,cloud,Taw Kye,MMR006002033
S1-0742,5.4,540,high,0.971,1.0,22.845,41.925,80.0,210.0,Tree cover,-1.952,-2.034,0.363,-0.442,cloud,Taw Kye,MMR006002033
S1-0128,5.36,536,low,0.964,1.0,20.98,43.875,7.0,241.0,Tree cover,-2.016,-1.976,1.0,-0.143,not seen,Kyauk Sin,MMR006002022
S1-0461,5.2,520,high,0.972,1.0,21.401,37.697,29.0,203.0,Tree cover,-2.019,-2.171,0.623,-0.465,supported,Auk Yae Hpyu,MMR006002015
S1-0571,5.18,518,high,0.975,1.0,24.516,37.113,44.0,229.0,Tree cover,-2.708,-3.972,0.0,,cloud,Ka Det Gyi (Khun Hnit Thein),MMR006002017
S1-0625,5.03,503,high,0.972,1.0,17.028,35.209,16.0,123.0,Tree cover,-2.159,-2.456,0.0,,cloud,Ka Det Gyi (Khun Hnit Thein),MMR006002017
S1-0285,4.97,497,high,0.964,1.0,10.89,34.104,65.0,146.0,Tree cover,-1.815,-2.051,0.0,,cloud,Tha Byar,MMR006002004
S1-0405,4.96,496,high,0.965,1.0,16.557,40.517,122.0,241.0,Tree cover,-1.926,-2.728,0.0,,cloud,Lay Thun Khan,MMR006002009
S1-0845,4.82,482,high,0.972,1.0,19.977,38.76,116.0,242.0,Tree cover,-2.611,-3.039,0.0,,cloud,Tha Kyet Taw,MMR006002032
S1-0174,4.74,474,high,0.963,1.0,27.367,45.163,155.0,400.0,Tree cover,-2.395,-1.814,0.0,,cloud,Kyauk Sin,MMR006002022
S1-1006,4.73,473,high,0.967,1.0,17.297,38.874,36.0,208.0,Tree cover,-3.002,-4.155,1.0,-0.626,supported,Kyauk Ni Maw,MMR006002040
S1-0497,4.71,471,high,0.975,1.0,22.502,37.48,61.0,178.0,Tree cover,-2.175,-1.818,0.219,-0.282,cloud,Ka Det Gyi (Khun Hnit Thein),MMR006002017
S1-0548,4.7,470,high,0.983,1.0,22.12,34.983,91.0,284.0,Tree cover,-2.901,-3.003,0.706,-0.513,supported,Ti Zit,MMR006002012
S1-0982,4.69,469,high,0.971,1.0,21.992,40.24,48.0,213.0,Tree cover,-2.385,-1.907,0.866,-0.198,supported,Kyauk Ni Maw,MMR006002040
S1-0627,4.6,460,high,0.972,1.0,24.012,43.027,286.0,437.0,Tree cover,-2.187,-2.332,1.0,-0.492,supported,Ti Zit,MMR006002012
S1-0520,4.52,452,high,0.969,1.0,24.741,38.512,28.0,197.0,Tree cover,-2.175,-2.114,0.19,-0.343,cloud,Ka Det Gyi (Khun Hnit Thein),MMR006002017
S1-1025,4.5,450,high,0.977,1.0,26.143,38.351,36.0,210.0,Tree cover,-2.296,-2.509,0.713,-0.29,supported,Auk Kyauk Wut,MMR006002041
S1-0124,4.41,441,high,0.967,1.0,24.846,45.89,86.0,292.0,Tree cover,-1.861,-2.069,1.0,-0.232,supported,Kyauk Sin,MMR006002022
S1-0556,4.32,432,high,0.981,1.0,28.997,41.609,214.0,478.0,Tree cover,-3.01,-2.459,0.778,-0.61,supported,Auk Yae Hpyu,MMR006002015
S1-0804,4.16,416,high,0.979,1.0,22.072,44.808,104.0,248.0,Tree cover,-1.696,-1.631,1.0,-0.343,supported,Tha Kyet Taw,MMR006002032
S1-0191,4.13,413,high,0.977,1.0,18.363,42.093,40.0,228.0,Tree cover,-2.717,-2.694,0.0,,cloud,Tha Byar,MMR006002004
S1-0706,4.12,412,high,0.972,1.0,4.264,12.771,3.0,15.0,Tree cover,-1.918,-3.048,1.0,-0.382,supported,Tha Pyay Shaung,MMR006002034
S1-0265,4.11,411,high,0.964,1.0,25.832,47.963,90.0,257.0,Tree cover,-1.982,-1.702,0.528,-0.251,supported,Tha Byar,MMR006002004
S1-0610,4.1,410,high,0.966,1.0,21.898,42.512,225.0,438.0,Tree cover,-1.604,-1.248,1.0,-0.227,supported,Ti Zit,MMR006002012
S1-0228,3.94,394,high,0.983,1.0,19.283,43.237,32.0,132.0,Tree cover,-1.915,-3.181,0.0,,cloud,Tha Byar,MMR006002004
S1-0584,3.93,393,high,0.982,1.0,31.746,47.227,364.0,485.0,Tree cover,-2.849,-2.482,0.0,,cloud,Ka Det Gyi (Khun Hnit Thein),MMR006002017
S1-0030,3.93,393,high,0.962,1.0,13.947,35.32,115.0,159.0,Tree cover,-1.537,-1.905,0.0,,cloud,Pan Det Inn,MMR006002023
S1-0631,3.89,389,high,0.967,1.0,22.043,39.384,302.0,413.0,Tree cover,-2.068,-1.961,1.0,-0.347,supported,Ti Zit,MMR006002012
S1-0825,3.89,389,high,0.969,1.0,20.229,40.93,32.0,189.0,Tree cover,-2.136,-1.746,0.0,,cloud,Tha Kyet Taw,MMR006002032
S1-0624,3.88,388,high,0.967,1.0,27.746,40.985,288.0,490.0,Tree cover,-2.017,-1.995,1.0,-0.233,supported,Ti Zit,MMR006002012
S1-0817,3.88,388,high,0.975,1.0,23.084,40.796,166.0,331.0,Tree cover,-2.807,-3.109,0.0,,cloud,Tha Kyet Taw,MMR006002032
S1-0145,3.88,388,high,0.974,1.0,25.184,45.202,70.0,260.0,Tree cover,-2.637,-3.02,0.747,-0.566,supported,Kyauk Sin,MMR006002022
S1-0524,3.87,387,high,0.982,1.0,21.222,41.939,136.0,265.0,Tree cover,-2.562,-2.988,0.0,,cloud,Ti Zit,MMR006002012
S1-0147,3.86,386,high,0.962,1.0,20.839,35.885,153.0,275.0,Tree cover,-1.683,-1.855,1.0,-0.214,supported,Kyauk Sin,MMR006002022
S1-0048,3.83,383,medium,0.948,1.0,9.81,26.544,68.0,136.0,Tree cover,-1.523,-1.502,0.0,,cloud,Pan Det Inn,MMR006002023
S1-0935,3.81,381,high,0.966,1.0,16.03,31.742,19.0,127.0,Tree cover,-2.795,-2.22,1.0,-0.204,supported,Kyauk Twin,MMR006002037
S1-0774,3.78,378,high,0.977,1.0,17.622,30.21,17.0,197.0,Tree cover,-2.226,-2.838,1.0,-0.412,supported,Taw Kye,MMR006002033
S1-0599,3.78,378,high,0.979,1.0,32.734,49.592,166.0,422.0,Tree cover,-3.615,-3.286,0.0,,cloud,Ka Det Gyi (Khun Hnit Thein),MMR006002017
S1-1012,3.61,361,high,0.959,1.0,15.613,30.89,22.0,158.0,Tree cover,-1.982,-1.322,1.0,-0.204,supported,Kyauk Wut Pyin,MMR006002039
S1-0634,3.53,353,high,0.977,1.0,25.981,39.049,133.0,299.0,Tree cover,-2.007,-2.611,0.0,,cloud,Ka Det Gyi (Khun Hnit Thein),MMR006002017
S1-0473,3.51,351,high,0.97,1.0,29.488,44.705,191.0,414.0,Tree cover,-2.082,-2.064,0.0,,cloud,Ti Zit,MMR006002012
S1-0598,3.41,341,high,0.974,1.0,20.013,39.54,208.0,295.0,Tree cover,-1.651,-1.38,0.839,-0.329,supported,Ti Zit,MMR006002012
S1-0314,3.35,335,high,0.972,1.0,20.185,35.728,30.0,108.0,Tree cover,-2.357,-2.371,0.191,-0.376,cloud,Tha Byar,MMR006002004
S1-0094,3.27,327,high,0.972,1.0,12.628,21.343,149.0,216.0,Tree cover,-2.699,-2.171,0.0,,cloud,Kyauk Sin,MMR006002022
S1-0527,3.24,324,high,0.979,1.0,25.349,42.264,50.0,180.0,Tree cover,-2.694,-2.64,0.08,-0.325,cloud,Ka Det Gyi (Khun Hnit Thein),MMR006002017
S1-0941,3.21,321,high,0.966,1.0,20.252,37.791,81.0,255.0,Tree cover,-2.296,-1.725,0.0,,cloud,Kyauk Twin,MMR006002037
S1-0299,3.19,319,high,0.979,1.0,23.416,37.154,131.0,257.0,Tree cover,-2.256,-2.877,0.0,,cloud,Tha Byar,MMR006002004
S1-0537,3.18,318,medium,0.956,1.0,29.512,45.464,91.0,307.0,Tree cover,-1.802,-1.587,0.0,,cloud,Auk Yae Hpyu,MMR006002015
S1-0007,3.16,316,medium,0.955,1.0,13.202,31.51,27.0,128.0,Tree cover,-1.956,-1.369,0.0,,cloud,Pan Det Inn,MMR006002023
S1-0633,3.14,314,high,0.985,1.0,35.88,51.611,258.0,539.0,Tree cover,-2.302,-3.032,0.0,,cloud,Ka Det Gyi (Khun Hnit Thein),MMR006002017
S1-1034,3.1,310,high,0.969,1.0,22.962,37.278,80.0,218.0,Tree cover,-1.81,-2.025,1.0,-0.161,supported,Auk Kyauk Wut,MMR006002041
S1-0153,3.1,310,high,0.964,1.0,28.457,43.682,213.0,389.0,Tree cover,-2.621,-1.868,1.0,-0.245,supported,Kyauk Sin,MMR006002022
S1-0660,2.92,292,high,0.97,1.0,17.2,27.962,38.0,110.0,Tree cover,-2.392,-1.359,0.0,,cloud,Tha Pyay Shaung,MMR006002034
S1-0533,2.8,280,high,0.978,1.0,13.637,27.878,35.0,87.0,Tree cover,-2.432,-2.939,0.0,,cloud,Auk Yae Hpyu,MMR006002015
S1-0529,2.73,273,high,0.971,1.0,17.34,43.943,49.0,125.0,Tree cover,-2.508,-2.265,0.344,-0.432,cloud,Auk Yae Hpyu,MMR006002015
S1-0125,2.72,272,high,0.964,1.0,8.504,18.583,5.0,42.0,Tree cover,-2.557,-2.172,1.0,-0.283,supported,Kyauk Sin,MMR006002022
S1-0691,2.65,265,high,0.969,1.0,25.254,41.868,120.0,270.0,Tree cover,-2.168,-3.146,0.0,,cloud,Tha Pyay Shaung,MMR006002034
S1-0651,2.64,264,high,0.976,1.0,35.513,45.665,224.0,427.0,Tree cover,-2.947,-2.281,0.0,,cloud,Ka Det Gyi (Khun Hnit Thein),MMR006002017
S1-0973,2.63,263,high,0.968,1.0,6.794,16.86,14.0,41.0,Tree cover,-1.777,-2.214,0.468,-0.228,cloud,Za Lut,MMR006002036
S1-0993,2.6,260,high,0.964,1.0,20.513,38.467,51.0,211.0,Tree cover,-2.541,-2.436,0.0,,cloud,Kyauk Ni Maw,MMR006002040
S1-0592,2.59,259,medium,0.958,1.0,31.584,51.969,240.0,453.0,Tree cover,-1.36,-1.218,0.0,,cloud,Ti Zit,MMR006002012
S1-0248,2.57,257,low,0.975,1.0,12.085,26.544,28.0,86.0,Tree cover,-1.048,-0.752,1.0,-0.143,not seen,Pa Nyit,MMR006002014
S1-0632,2.56,256,high,0.961,1.0,17.509,36.347,231.0,335.0,Tree cover,-1.906,-1.893,0.0,,cloud,Ka Det Gyi (Khun Hnit Thein),MMR006002017
S1-0169,2.56,256,high,0.979,1.0,28.795,37.949,281.0,393.0,Tree cover,-3.403,-3.501,0.125,-0.141,cloud,Pan Da Le,MMR006002006
S1-0693,2.55,255,high,0.975,1.0,25.166,35.013,108.0,261.0,Tree cover,-3.632,-2.116,0.0,,cloud,Tha Pyay Shaung,MMR006002034
S1-1015,2.51,251,low,0.959,1.0,24.011,32.876,81.0,223.0,Tree cover,-1.553,-1.213,1.0,-0.043,not seen,Kyauk Wut Pyin,MMR006002039
S1-0447,2.51,251,high,0.967,1.0,32.325,50.892,116.0,292.0,Tree cover,-1.672,-1.648,0.0,,cloud,Auk Yae Hpyu,MMR006002015
S1-0888,2.48,248,medium,0.95,0.99,19.935,31.893,119.0,217.0,Tree cover,-1.574,-1.318,0.0,,cloud,Kyauk Twin,MMR006002037
S1-0335,2.45,245,high,0.966,1.0,4.361,14.264,14.0,27.0,Tree cover,-2.007,-2.02,1.0,-0.347,supported,Tha Byar,MMR006002004
S1-0744,2.43,243,high,0.955,1.0,14.347,33.546,13.0,113.0,Tree cover,-2.091,-2.757,1.0,-0.403,supported,Taw Kye,MMR006002033
S1-0560,2.42,242,high,0.964,1.0,28.732,41.026,225.0,377.0,Tree cover,-1.794,-2.045,0.789,-0.455,supported,Auk Yae Hpyu,MMR006002015
S1-0563,2.42,242,high,0.968,1.0,25.642,45.334,102.0,258.0,Tree cover,-2.071,-2.224,0.698,-0.604,supported,Ti Zit,MMR006002012
S1-0519,2.36,236,high,0.983,1.0,30.253,41.646,177.0,343.0,Tree cover,-2.942,-2.704,0.237,-0.333,cloud,Ti Zit,MMR006002012
S1-1039,2.36,236,high,0.96,1.0,21.486,37.972,37.0,107.0,Tree cover,-2.126,-2.246,1.0,-0.2,supported,Auk Kyauk Wut,MMR006002041
S1-0796,2.35,235,high,0.964,1.0,13.8,25.071,22.0,76.0,Tree cover,-2.121,-1.633,0.021,-0.042,cloud,Tha Kyet Taw,MMR006002032
S1-1054,2.3,230,high,0.966,1.0,15.998,27.939,26.0,106.0,Tree cover,-2.297,-3.394,0.0,,cloud,Auk Kyauk Wut,MMR006002041
S1-0020,2.29,229,medium,0.94,1.0,13.77,37.786,41.0,79.0,Tree cover,-0.747,-0.921,0.0,,cloud,Pan Det Inn,MMR006002023
S1-0044,2.26,226,medium,0.957,1.0,22.971,39.849,77.0,162.0,Tree cover,-2.121,-1.448,0.0,,cloud,Pan Det Inn,MMR006002023
S1-0678,2.26,226,high,0.965,1.0,19.495,29.379,63.0,139.0,Tree cover,-2.202,-2.062,0.0,,cloud,Tha Pyay Shaung,MMR006002034
S1-0530,2.25,225,high,0.966,1.0,19.604,34.519,182.0,267.0,Tree cover,-1.892,-2.337,1.0,-0.534,supported,Ti Zit,MMR006002012
S1-0640,2.23,223,high,0.977,1.0,36.615,48.046,359.0,550.0,Tree cover,-2.197,-2.337,0.0,,cloud,Ka Det Gyi (Khun Hnit Thein),MMR006002017
S1-0298,2.22,222,high,0.962,1.0,15.811,29.643,69.0,127.0,Tree cover,-2.069,-1.957,0.685,-0.427,supported,Tha Byar,MMR006002004
S1-0040,2.21,221,high,0.971,1.0,5.33,14.209,14.0,23.0,Tree cover,-1.22,-0.931,0.0,,cloud,Sa Khan Gyi,MMR006002029
S1-0753,2.2,220,high,0.978,1.0,17.519,32.859,65.0,139.0,Tree cover,-2.109,-1.491,1.0,-0.238,supported,Taw Kye,MMR006002033
S1-0550,2.17,217,high,0.973,1.0,22.659,33.075,109.0,240.0,Tree cover,-2.043,-2.391,0.189,-0.502,cloud,Auk Yae Hpyu,MMR006002015
S1-0783,2.17,217,high,0.97,1.0,7.974,18.976,3.0,22.0,Tree cover,-1.853,-3.472,1.0,-0.332,supported,Tha Kyet Taw,MMR006002032
S1-0737,2.16,216,high,0.967,1.0,19.894,36.15,78.0,192.0,Tree cover,-2.286,-1.733,0.366,-0.348,cloud,Taw Kye,MMR006002033
S1-0568,2.15,215,high,0.969,1.0,28.51,41.115,344.0,469.0,Tree cover,-2.335,-2.058,0.177,-0.199,cloud,Ka Det Gyi (Khun Hnit Thein),MMR006002017
S1-0390,2.12,212,high,0.965,1.0,4.824,14.423,10.0,17.0,Tree cover,-1.666,-1.066,0.0,,cloud,Nyin Maw,MMR006002011
S1-0491,2.1,210,high,0.961,1.0,26.249,32.682,28.0,134.0,Tree cover,-2.347,-1.957,1.0,-0.347,supported,Auk Yae Hpyu,MMR006002015
S1-0453,2.1,210,high,0.973,1.0,14.572,33.102,29.0,89.0,Tree cover,-2.026,-2.286,1.0,-0.426,supported,Auk Yae Hpyu,MMR006002015
S1-0049,2.07,207,high,0.961,1.0,19.155,41.542,42.0,119.0,Tree cover,-1.784,-2.022,0.0,,cloud,Sa Khan Gyi,MMR006002029
S1-0962,2.04,204,high,0.965,1.0,7.042,13.588,10.0,37.0,Tree cover,-2.398,-2.713,1.0,-0.344,supported,Za Lut,MMR006002036
S1-0534,2.04,204,high,0.972,1.0,25.151,37.907,57.0,180.0,Tree cover,-2.757,-3.13,0.544,-0.561,supported,Ka Det Gyi (Khun Hnit Thein),MMR006002017
S1-0290,2.03,203,medium,0.959,0.99,25.287,44.379,98.0,230.0,Tree cover,-2.237,-1.241,0.0,,cloud,Tha Byar,MMR006002004
S1-0448,2.02,202,high,0.965,1.0,18.608,30.342,193.0,281.0,Tree cover,-2.93,-2.282,0.832,-0.368,supported,Ti Zit,MMR006002012
S1-0158,2.01,201,medium,0.958,1.0,16.052,36.569,218.0,282.0,Tree cover,-1.847,-1.519,0.0,,cloud,Kyauk Sin,MMR006002022
S1-1003,2.0,200,high,0.974,1.0,30.544,41.875,75.0,185.0,Tree cover,-2.793,-2.448,1.0,-0.323,supported,Kyauk Ni Maw,MMR006002040
S1-0026,2.0,200,medium,0.957,1.0,11.892,26.478,95.0,143.0,Tree cover,-1.656,-1.411,0.0,,cloud,Pan Det Inn,MMR006002023
S1-0176,1.99,199,high,0.964,1.0,27.989,35.472,193.0,383.0,Tree cover,-1.805,-2.634,0.0,,cloud,Tha Byar,MMR006002004
S1-0059,1.99,199,high,0.965,1.0,18.98,29.585,29.0,96.0,Tree cover,-1.969,-2.252,0.0,,cloud,Sa Khan Gyi,MMR006002029
S1-0978,1.96,196,high,0.989,1.0,30.828,40.18,117.0,209.0,Tree cover,-4.123,-3.776,0.964,-0.53,supported,Za Lut,MMR006002036
S1-0486,1.95,195,high,0.957,1.0,16.37,29.087,24.0,90.0,Tree cover,1.123,-0.643,1.0,-0.513,supported,Auk Yae Hpyu,MMR006002015
S1-0856,1.93,193,high,0.967,1.0,14.811,37.232,123.0,188.0,Tree cover,-2.401,-2.952,0.0,,cloud,Tha Kyet Taw,MMR006002032
S1-1044,1.92,192,high,0.967,1.0,18.959,31.108,4.0,70.0,Tree cover,-2.873,-2.181,1.0,-0.366,supported,Auk Kyauk Wut,MMR006002041
S1-0250,1.92,192,high,0.973,1.0,22.202,34.116,129.0,235.0,Tree cover,-3.303,-1.997,0.0,,cloud,Tha Byar,MMR006002004
S1-0337,1.91,191,high,0.982,1.0,19.938,34.213,29.0,106.0,Tree cover,-3.132,-3.028,0.136,-0.487,cloud,Tha Byar,MMR006002004
S1-0974,1.88,188,high,0.967,1.0,12.827,28.747,30.0,75.0,Tree cover,-3.425,-3.422,0.106,-0.466,cloud,Za Lut,MMR006002036
S1-0689,1.88,188,medium,0.942,0.99,14.305,26.944,88.0,167.0,Tree cover,-2.071,-1.521,0.0,,cloud,Tha Pyay Shaung,MMR006002034
S1-0946,1.83,183,medium,0.959,1.0,13.434,30.207,4.0,80.0,Tree cover,0.06,-0.09,0.268,-0.2,cloud,Za Lut,MMR006002036
S1-0552,1.81,181,high,0.978,1.0,25.823,43.059,53.0,136.0,Tree cover,-2.812,-4.742,1.0,-0.739,supported,Ti Zit,MMR006002012
S1-0764,1.81,181,high,0.98,1.0,16.453,30.821,291.0,355.0,Tree cover,-3.327,-3.712,1.0,-0.427,supported,Taw Kye,MMR006002033
S1-0914,1.8,180,medium,0.944,0.99,27.722,47.95,41.0,170.0,Tree cover,-1.034,-1.632,0.0,,cloud,Kyauk Twin,MMR006002037
S1-0308,1.8,180,high,0.954,0.99,9.963,25.226,40.0,75.0,Tree cover,-1.62,-1.07,1.0,-0.193,supported,Tha Byar,MMR006002004
S1-0585,1.78,178,medium,0.946,0.99,9.097,22.736,42.0,72.0,Tree cover,-3.736,-6.596,0.0,,cloud,Ka Det Gyi (Khun Hnit Thein),MMR006002017
S1-0398,1.77,177,high,0.975,1.0,17.562,36.388,103.0,168.0,Tree cover,-3.862,-4.523,0.0,,cloud,Nyin Maw,MMR006002011
S1-1011,1.77,177,high,0.965,1.0,25.16,41.316,82.0,238.0,Tree cover,-2.946,-2.271,1.0,-0.282,supported,Kyauk Wut Pyin,MMR006002039
S1-0300,1.76,176,medium,0.956,1.0,28.176,45.951,205.0,348.0,Tree cover,-0.4,-0.338,0.125,-0.36,cloud,Pa Nyit,MMR006002014
S1-0700,1.74,174,high,0.978,1.0,24.165,38.064,274.0,348.0,Tree cover,-2.491,-2.808,0.0,,cloud,Tha Pyay Shaung,MMR006002034
S1-0368,1.71,171,high,0.97,1.0,18.754,31.065,25.0,81.0,Tree cover,-2.585,-2.285,1.0,-0.346,supported,Pyin Htein,MMR006002001
S1-0514,1.71,171,high,0.972,1.0,25.82,34.372,48.0,138.0,Tree cover,-2.605,-3.406,1.0,-0.495,supported,Auk Yae Hpyu,MMR006002015
S1-0622,1.68,168,medium,0.959,1.0,17.671,35.179,239.0,312.0,Tree cover,-2.671,-2.221,0.0,,cloud,Ka Det Gyi (Khun Hnit Thein),MMR006002017
S1-0012,1.65,165,high,0.968,1.0,16.909,27.417,42.0,88.0,Tree cover,-1.962,-2.165,0.0,,cloud,Pan Det Inn,MMR006002023
S1-0063,1.65,165,medium,0.952,1.0,7.323,16.779,10.0,23.0,Tree cover,-1.443,-2.087,0.0,,cloud,Sa Khan Gyi,MMR006002029
S1-0273,1.62,162,high,0.962,1.0,24.837,42.044,114.0,200.0,Tree cover,-1.278,-0.622,0.019,-0.205,cloud,Tha Byar,MMR006002004
S1-0193,1.62,162,high,0.964,1.0,25.652,38.054,126.0,236.0,Tree cover,-2.356,-1.979,0.0,,cloud,Tha Byar,MMR006002004
S1-0168,1.6,160,high,0.965,0.99,28.756,33.652,196.0,288.0,Tree cover,-5.326,-5.844,0.281,-0.703,cloud,Pan Da Le,MMR006002006
S1-0316,1.59,159,high,0.962,1.0,9.613,22.307,41.0,73.0,Tree cover,-2.633,-3.127,1.0,-0.367,supported,Tha Byar,MMR006002004
S1-0392,1.59,159,high,0.967,1.0,4.018,13.663,5.0,11.0,Tree cover,-4.419,-6.402,0.025,-0.024,cloud,Nyin Maw,MMR006002011
S1-0615,1.58,158,medium,0.955,1.0,15.695,28.568,219.0,276.0,Tree cover,-1.767,-2.531,0.0,,cloud,Ka Det Gyi (Khun Hnit Thein),MMR006002017
S1-0465,1.58,158,high,0.975,1.0,17.102,32.623,20.0,95.0,Tree cover,-2.866,-2.643,0.513,-0.519,supported,Auk Yae Hpyu,MMR006002015
S1-0729,1.58,158,high,0.951,1.0,14.967,27.935,42.0,110.0,Tree cover,-2.378,-5.181,1.0,-0.723,supported,Taw Kye,MMR006002033
S1-0997,1.58,158,high,0.967,1.0,21.002,35.379,51.0,102.0,Tree cover,-2.296,-1.089,1.0,-0.216,supported,Kyauk Ni Maw,MMR006002040
S1-0929,1.58,158,high,0.978,1.0,25.946,38.647,40.0,119.0,Tree cover,-2.737,-2.231,0.0,,cloud,Kyauk Twin,MMR006002037
S1-0070,1.58,158,medium,0.953,1.0,8.977,22.327,10.0,28.0,Tree cover,-1.272,-0.939,0.0,,cloud,Sa Khan Gyi,MMR006002029
S1-0647,1.58,158,high,0.954,0.99,16.383,31.483,409.0,450.0,Tree cover,-1.109,-1.097,0.873,-0.162,supported,Tha Pyay Shaung,MMR006002034
S1-0748,1.57,157,high,0.967,1.0,22.192,32.522,362.0,424.0,Tree cover,-1.542,-1.692,0.0,,cloud,Taw Kye,MMR006002033
S1-0812,1.57,157,medium,0.95,0.99,15.09,38.415,10.0,102.0,Tree cover,-1.314,-1.539,0.0,,cloud,Tha Kyet Taw,MMR006002032
S1-0053,1.56,156,medium,0.948,0.99,16.511,34.501,86.0,163.0,Tree cover,-1.143,-1.683,0.0,,cloud,Maung Ma Kan,MMR006002020
S1-0850,1.54,154,high,0.977,1.0,16.609,35.385,72.0,136.0,Tree cover,-2.086,-2.994,0.461,-0.302,cloud,Tha Kyet Taw,MMR006002032
S1-0443,1.53,153,medium,0.959,1.0,5.231,14.217,12.0,24.0,Tree cover,-1.954,-2.745,0.137,-0.548,cloud,Auk Yae Hpyu,MMR006002015
S1-0100,1.53,153,high,0.964,1.0,4.705,12.847,3.0,11.0,Tree cover,-1.77,-2.581,1.0,-0.307,supported,Kyauk Sin,MMR006002022
S1-0793,1.51,151,high,0.976,1.0,24.807,38.221,68.0,184.0,Tree cover,-2.609,-2.431,1.0,-0.476,supported,Taw Kye,MMR006002033
S1-0587,1.51,151,medium,0.949,1.0,17.943,33.125,271.0,351.0,Tree cover,-1.578,-0.991,0.0,,cloud,Ka Det Gyi (Khun Hnit Thein),MMR006002017
S1-0270,1.5,150,medium,0.95,1.0,17.928,34.874,148.0,252.0,Tree cover,-1.834,-1.147,0.0,,cloud,Tha Byar,MMR006002004
S1-0578,1.5,150,low,0.953,1.0,14.025,28.657,216.0,263.0,Tree cover,-0.816,-0.647,1.0,0.01,not seen,Ti Zit,MMR006002012
S1-0274,1.5,150,high,0.966,1.0,31.46,43.209,187.0,314.0,Tree cover,-2.507,-2.825,0.0,,cloud,Tha Byar,MMR006002004
S1-1029,1.49,149,high,0.956,1.0,29.525,41.575,40.0,209.0,Tree cover,-2.196,-2.13,1.0,-0.227,supported,Auk Kyauk Wut,MMR006002041
S1-0976,1.49,149,high,0.974,1.0,30.465,39.847,97.0,214.0,Tree cover,-3.48,-3.171,1.0,-0.35,supported,Za Lut,MMR006002036
S1-0638,1.49,149,medium,0.946,0.99,24.076,41.075,134.0,273.0,Tree cover,-1.425,-2.059,0.0,,cloud,Ka Det Gyi (Khun Hnit Thein),MMR006002017
S1-0488,1.48,148,medium,0.955,1.0,10.149,27.431,18.0,55.0,Tree cover,-1.571,-2.721,0.0,,cloud,Auk Yae Hpyu,MMR006002015
S1-0581,1.48,148,high,0.968,1.0,22.246,35.735,33.0,108.0,Tree cover,-1.866,-2.687,0.0,,cloud,Ka Det Gyi (Khun Hnit Thein),MMR006002017
S1-0636,1.48,148,high,0.969,1.0,27.085,39.531,417.0,532.0,Tree cover,-2.439,-2.622,1.0,-0.386,supported,Ti Zit,MMR006002012
S1-0714,1.48,148,high,0.97,1.0,24.229,32.276,216.0,322.0,Tree cover,-2.89,-2.788,0.0,,cloud,Tha Pyay Shaung,MMR006002034
S1-0971,1.47,147,high,0.979,1.0,28.714,37.403,63.0,156.0,Tree cover,-2.048,-3.094,1.0,-0.336,supported,Za Lut,MMR006002036
S1-0596,1.47,147,high,0.983,1.0,30.141,37.872,177.0,315.0,Tree cover,-3.825,-3.146,0.0,,cloud,Ka Det Gyi (Khun Hnit Thein),MMR006002017
S1-0723,1.47,147,high,0.966,1.0,18.916,34.012,186.0,235.0,Tree cover,-1.682,-1.824,0.0,,cloud,Taw Kye,MMR006002033
S1-0203,1.47,147,medium,0.955,1.0,13.646,32.836,213.0,256.0,Tree cover,-2.394,-2.489,0.0,,cloud,Kyauk Sin,MMR006002022
S1-0731,1.47,147,high,0.948,1.0,8.972,17.309,37.0,76.0,Tree cover,-1.751,-1.672,1.0,-0.244,supported,Taw Kye,MMR006002033
S1-0071,1.47,147,high,0.964,1.0,8.272,18.052,15.0,31.0,Tree cover,-2.126,-2.23,0.0,,cloud,Sa Khan Gyi,MMR006002029
S1-0122,1.45,145,low,0.944,0.99,11.699,28.95,64.0,115.0,Tree cover,-1.967,-1.401,1.0,-0.12,not seen,Kyauk Sin,MMR006002022
S1-0156,1.45,145,high,0.969,1.0,22.323,31.306,169.0,239.0,Tree cover,-2.291,-3.197,0.0,,cloud,Kyauk Sin,MMR006002022
S1-0136,1.45,145,high,0.953,0.99,26.524,35.562,150.0,298.0,Tree cover,-1.375,-1.048,1.0,-0.226,supported,Kyauk Sin,MMR006002022
S1-0167,1.45,145,high,0.966,1.0,18.491,34.849,211.0,288.0,Tree cover,-2.535,-1.816,0.0,,cloud,Kyauk Sin,MMR006002022
S1-0862,1.44,144,high,0.968,1.0,8.494,22.519,80.0,100.0,Tree cover,-3.113,-3.432,0.59,-0.314,supported,Tha Kyet Taw,MMR006002032
S1-0015,1.43,143,high,0.962,1.0,16.459,26.775,29.0,76.0,Tree cover,-1.534,-2.484,0.0,,cloud,Pan Det Inn,MMR006002023
S1-0107,1.43,143,high,0.973,1.0,4.339,13.386,4.0,10.0,Tree cover,-2.005,-4.384,1.0,-0.49,supported,Kyauk Sin,MMR006002022
S1-0500,1.39,139,high,0.976,1.0,12.189,28.309,34.0,85.0,Tree cover,-2.424,-3.53,0.0,,cloud,Ka Det Gyi (Khun Hnit Thein),MMR006002017
S1-0655,1.38,138,high,0.963,1.0,12.263,24.951,21.0,59.0,Tree cover,-1.951,-1.933,0.0,,cloud,Tha Pyay Shaung,MMR006002034
S1-0325,1.36,136,high,0.969,1.0,25.474,40.126,43.0,134.0,Tree cover,-2.94,-2.321,0.0,,cloud,Tha Byar,MMR006002004
S1-0681,1.35,135,medium,0.953,1.0,10.304,17.819,77.0,122.0,Tree cover,-2.358,-2.326,0.0,,cloud,Tha Pyay Shaung,MMR006002034
S1-0403,1.34,134,medium,0.952,1.0,10.233,26.357,36.0,61.0,Tree cover,-2.015,-1.699,0.216,-0.261,cloud,Nyin Maw,MMR006002011
S1-0603,1.34,134,high,0.971,1.0,32.021,41.638,171.0,300.0,Tree cover,-3.413,-3.084,0.0,,cloud,Ka Det Gyi (Khun Hnit Thein),MMR006002017
S1-0656,1.33,133,high,0.974,1.0,40.316,50.156,280.0,465.0,Tree cover,-2.092,-2.523,0.0,,cloud,Tha Pyay Shaung,MMR006002034
S1-0207,1.33,133,high,0.957,0.99,16.15,31.439,45.0,113.0,Tree cover,-1.027,-2.161,1.0,-0.231,supported,Tha Byar,MMR006002004
S1-0076,1.32,132,medium,0.948,0.99,9.575,23.377,8.0,34.0,Tree cover,-1.405,-1.046,0.0,,cloud,Na Khan Taw,MMR006002030
S1-0782,1.31,131,high,0.969,1.0,27.404,37.777,210.0,328.0,Tree cover,-2.174,-2.228,0.076,-0.194,cloud,Taw Kye,MMR006002033
S1-1028,1.31,131,high,0.969,1.0,29.959,40.016,97.0,232.0,Tree cover,-3.712,-2.401,1.0,-0.343,supported,Auk Kyauk Wut,MMR006002041
S1-0446,1.31,131,high,0.967,1.0,7.529,17.41,27.0,45.0,Tree cover,-2.096,-2.316,0.435,-0.374,cloud,Auk Yae Hpyu,MMR006002015
S1-0919,1.3,130,high,0.963,1.0,15.059,33.715,12.0,68.0,Tree cover,-2.331,-1.387,0.0,,cloud,Tha Kyet Taw,MMR006002032
S1-0249,1.3,130,high,0.973,1.0,25.856,40.337,117.0,197.0,Tree cover,-3.502,-3.173,0.0,,cloud,Tha Byar,MMR006002004
S1-0499,1.29,129,high,0.953,0.99,15.893,30.042,21.0,85.0,Tree cover,-1.635,-2.309,1.0,-0.292,supported,Auk Yae Hpyu,MMR006002015
S1-0565,1.28,128,high,0.972,1.0,32.34,37.004,170.0,280.0,Tree cover,-5.782,-5.793,0.0,,cloud,Ka Det Gyi (Khun Hnit Thein),MMR006002017
S1-1061,1.28,128,medium,0.953,1.0,19.68,36.857,107.0,196.0,Tree cover,-1.068,-1.399,0.0,,cloud,Kyauk Mat Tat,MMR006002038
S1-0213,1.27,127,high,0.973,1.0,24.898,41.861,234.0,314.0,Tree cover,-3.458,-2.446,0.0,,cloud,Tha Byar,MMR006002004
S1-1055,1.27,127,high,0.963,1.0,10.657,22.644,58.0,103.0,Tree cover,-2.889,-2.583,0.598,-0.379,supported,Auk Kyauk Wut,MMR006002041
S1-0257,1.26,126,high,0.972,1.0,32.139,41.78,186.0,335.0,Tree cover,-2.015,-2.086,0.0,,cloud,Pa Nyit,MMR006002014
S1-0199,1.26,126,high,0.964,1.0,18.626,38.026,256.0,314.0,Tree cover,-3.389,-2.722,0.0,,cloud,Tha Byar,MMR006002004
S1-0305,1.26,126,high,0.973,1.0,26.297,38.12,190.0,303.0,Tree cover,-2.291,-2.572,0.0,,cloud,Tha Byar,MMR006002004
S1-0019,1.25,125,medium,0.947,0.99,14.009,24.142,94.0,148.0,Tree cover,-1.892,-1.159,0.0,,cloud,Pan Det Inn,MMR006002023
S1-0097,1.25,125,high,0.956,1.0,5.725,15.041,3.0,11.0,Tree cover,-2.147,-2.127,1.0,-0.279,supported,Kyauk Sin,MMR006002022
S1-0093,1.25,125,medium,0.957,1.0,24.518,38.884,81.0,170.0,Tree cover,-1.716,-1.805,0.0,,cloud,Kyauk Sin,MMR006002022
S1-0378,1.23,123,high,0.966,1.0,14.801,26.764,33.0,73.0,Tree cover,-2.52,-2.82,0.951,-0.341,supported,Sit Pyea,MMR006002010
S1-0231,1.22,122,high,0.966,1.0,32.707,41.74,286.0,410.0,Tree cover,-2.459,-1.67,0.0,,cloud,Pa Nyit,MMR006002014
S1-0489,1.22,122,high,0.966,1.0,28.064,40.584,31.0,97.0,Tree cover,-2.141,-2.629,0.0,,cloud,Auk Yae Hpyu,MMR006002015
S1-0518,1.2,120,high,0.955,0.99,19.225,29.264,36.0,88.0,Tree cover,-2.522,-2.192,1.0,-0.228,supported,Auk Yae Hpyu,MMR006002015
S1-0639,1.2,120,high,0.978,1.0,3.526,15.057,3.0,8.0,Tree cover,-3.161,-2.765,0.0,,cloud,Ka Det Gyi (Khun Hnit Thein),MMR006002017
S1-0657,1.2,120,high,0.961,1.0,16.922,33.48,28.0,89.0,Tree cover,-1.658,-2.252,0.0,,cloud,Tha Pyay Shaung,MMR006002034
S1-0173,1.19,119,high,0.969,1.0,29.894,40.386,178.0,278.0,Tree cover,-2.279,-1.709,0.0,,cloud,Kyauk Sin,MMR006002022
S1-0343,1.19,119,low,0.941,0.99,8.079,18.851,17.0,45.0,Tree cover,-1.657,-1.246,0.588,-0.009,not seen,Tha Byar,MMR006002004
S1-0827,1.19,119,medium,0.947,0.99,16.362,26.836,49.0,90.0,Tree cover,-1.424,-1.838,0.008,-0.23,cloud,Tha Kyet Taw,MMR006002032
S1-0414,1.19,119,high,0.962,1.0,15.009,28.465,52.0,88.0,Tree cover,-2.029,-2.877,0.0,,cloud,Lay Thun Khan,MMR006002009
S1-0454,1.19,119,high,0.955,0.99,16.374,30.097,24.0,80.0,Tree cover,-1.897,-2.294,0.706,-0.224,supported,Auk Yae Hpyu,MMR006002015
S1-0965,1.19,119,medium,0.956,0.99,8.842,20.016,8.0,33.0,Tree cover,-2.491,-2.523,0.0,,cloud,Za Lut,MMR006002036
S1-0402,1.18,118,high,0.961,1.0,19.964,33.25,21.0,104.0,Tree cover,-2.566,-2.19,0.0,,cloud,Nyin Maw,MMR006002011
S1-0103,1.18,118,medium,0.959,0.99,7.545,14.153,153.0,173.0,Tree cover,-1.285,-1.892,0.059,0.022,cloud,Kyauk Sin,MMR006002022
S1-0246,1.18,118,low,0.961,1.0,11.777,28.896,86.0,143.0,Tree cover,-1.555,-0.856,0.992,-0.096,not seen,Pa Nyit,MMR006002014
S1-0925,1.17,117,high,0.966,1.0,21.085,29.605,25.0,118.0,Tree cover,-2.501,-3.691,0.0,,cloud,Tha Kyet Taw,MMR006002032
S1-0619,1.17,117,medium,0.954,1.0,8.537,15.623,19.0,38.0,Tree cover,-2.119,-1.361,0.0,,cloud,Ka Det Gyi (Khun Hnit Thein),MMR006002017
S1-0648,1.17,117,high,0.964,1.0,3.919,13.123,5.0,11.0,Tree cover,-1.104,-3.215,0.0,,cloud,Tha Pyay Shaung,MMR006002034
S1-0785,1.16,116,medium,0.947,0.99,17.431,25.623,360.0,410.0,Tree cover,-1.933,-0.324,0.0,,cloud,Kyauk Twin,MMR006002037
S1-0216,1.16,116,high,0.969,1.0,22.241,39.307,207.0,285.0,Tree cover,-3.112,-1.988,0.0,,cloud,Tha Byar,MMR006002004
S1-0712,1.15,115,medium,0.939,0.98,12.598,25.907,121.0,177.0,Tree cover,-5.177,-5.985,0.0,,cloud,Taw Kye,MMR006002033
S1-0761,1.15,115,high,0.979,1.0,27.235,35.592,118.0,202.0,Tree cover,-3.258,-3.059,1.0,-0.648,supported,Tha Kyet Taw,MMR006002032
S1-0310,1.14,114,high,0.968,1.0,25.668,38.352,75.0,174.0,Tree cover,-1.859,-2.878,0.851,-0.601,supported,Tha Byar,MMR006002004
S1-0750,1.14,114,low,0.969,1.0,17.874,33.37,8.0,63.0,Tree cover,-1.879,-1.014,1.0,-0.066,not seen,Taw Kye,MMR006002033
S1-0172,1.14,114,high,0.962,1.0,29.329,40.45,208.0,335.0,Tree cover,-5.22,-3.881,0.0,,cloud,Pan Da Le,MMR006002006
S1-0959,1.14,114,low,0.939,0.99,9.758,32.561,6.0,29.0,Tree cover,-0.382,-1.053,1.0,0.068,not seen,Kyauk Twin,MMR006002037
S1-0620,1.13,113,high,0.975,1.0,31.152,41.433,211.0,343.0,Tree cover,-2.567,-3.186,0.558,-0.288,supported,Tha Pyay Shaung,MMR006002034
S1-0871,1.13,113,high,0.966,1.0,16.458,30.41,229.0,263.0,Tree cover,-2.496,-2.7,0.0,,cloud,Tha Kyet Taw,MMR006002032
S1-0002,1.12,112,medium,0.952,1.0,15.286,32.282,60.0,101.0,Tree cover,-1.031,-1.488,0.0,,cloud,Pan Det Inn,MMR006002023
S1-0307,1.12,112,high,0.956,1.0,20.71,28.342,44.0,71.0,Tree cover,-2.511,-2.528,1.0,-0.179,supported,Tha Byar,MMR006002004
S1-0575,1.12,112,high,0.974,1.0,24.16,39.07,21.0,81.0,Tree cover,-2.434,-2.823,0.0,,cloud,Ka Det Gyi (Khun Hnit Thein),MMR006002017
S1-0646,1.11,111,high,0.963,1.0,26.268,35.604,131.0,203.0,Tree cover,-2.59,-1.863,0.0,,cloud,Ka Det Gyi (Khun Hnit Thein),MMR006002017
S1-0725,1.11,111,high,0.968,1.0,23.029,34.644,108.0,192.0,Tree cover,-1.825,-1.974,0.559,-0.27,supported,Taw Kye,MMR006002033
S1-0445,1.1,110,high,0.964,1.0,31.376,44.461,276.0,358.0,Tree cover,-3.163,-1.803,0.064,-0.361,cloud,Auk Yae Hpyu,MMR006002015
S1-0549,1.09,109,high,0.972,1.0,23.294,31.714,89.0,159.0,Tree cover,-2.994,-3.234,0.0,,cloud,Auk Yae Hpyu,MMR006002015
S1-0806,1.09,109,high,0.967,1.0,24.448,31.297,41.0,120.0,Tree cover,-3.036,-1.886,1.0,-0.485,supported,Taw Kye,MMR006002033
S1-0964,1.08,108,high,0.963,1.0,9.16,17.513,14.0,34.0,Tree cover,-2.298,-4.311,0.417,-0.57,cloud,Za Lut,MMR006002036
S1-0719,1.08,108,high,0.973,1.0,20.984,35.03,253.0,342.0,Tree cover,-4.45,-4.15,1.0,-0.674,supported,Taw Kye,MMR006002033
S1-0022,1.08,108,medium,0.944,1.0,8.133,21.045,25.0,49.0,Tree cover,-1.524,-1.868,0.0,,cloud,Pan Det Inn,MMR006002023
S1-0328,1.07,107,high,0.978,1.0,28.935,39.419,134.0,200.0,Tree cover,-2.86,-3.075,0.0,,cloud,Tha Byar,MMR006002004
S1-0340,1.07,107,medium,0.956,1.0,15.887,29.607,31.0,65.0,Tree cover,-1.577,-2.427,0.0,,cloud,Tha Byar,MMR006002004
S1-0802,1.07,107,high,0.957,0.99,21.962,29.598,52.0,154.0,Tree cover,-2.19,-1.032,1.0,-0.308,supported,Taw Kye,MMR006002033
S1-0726,1.07,107,high,0.977,1.0,33.189,41.096,126.0,203.0,Tree cover,-3.484,-5.366,1.0,-0.614,supported,Taw Kye,MMR006002033
S1-0155,1.05,105,high,0.968,1.0,28.206,33.087,275.0,363.0,Tree cover,-2.71,-1.833,1.0,-0.242,supported,Kyauk Sin,MMR006002022
S1-0837,1.05,105,medium,0.96,1.0,14.23,24.753,251.0,287.0,Tree cover,-2.015,-2.55,0.0,,cloud,Tha Kyet Taw,MMR006002032
S1-0635,1.04,104,high,0.968,1.0,28.75,35.747,205.0,305.0,Tree cover,-2.029,-2.506,0.0,,cloud,Ka Det Gyi (Khun Hnit Thein),MMR006002017
S1-0146,1.03,103,low,0.962,1.0,17.388,38.598,97.0,147.0,Tree cover,-1.875,-2.188,1.0,-0.113,not seen,Kyauk Sin,MMR006002022
S1-0738,1.03,103,high,0.955,1.0,11.846,27.399,26.0,50.0,Tree cover,-1.799,-2.89,1.0,-0.409,supported,Taw Kye,MMR006002033
S1-0123,1.03,103,low,0.963,1.0,6.57,15.377,2.0,14.0,Tree cover,-1.396,-1.093,1.0,0.023,not seen,Kyauk Sin,MMR006002022
S1-0515,1.03,103,high,0.978,1.0,30.601,43.118,186.0,295.0,Tree cover,-3.702,-2.738,1.0,-0.376,supported,Ti Zit,MMR006002012
S1-0334,1.02,102,high,0.965,1.0,14.155,29.152,29.0,69.0,Tree cover,-2.657,-2.291,1.0,-0.484,supported,Tha Byar,MMR006002004
S1-0404,1.02,102,high,0.968,1.0,8.286,25.369,12.0,31.0,Tree cover,-2.025,-2.65,0.0,,cloud,Nyin Maw,MMR006002011
S1-0733,1.01,101,low,0.95,1.0,12.551,23.305,19.0,49.0,Tree cover,-1.453,-1.88,1.0,-0.098,not seen,Taw Kye,MMR006002033
S1-0141,1.01,101,low,0.944,0.99,10.259,22.332,54.0,74.0,Tree cover,-1.542,-1.459,0.98,-0.084,not seen,Kyauk Sin,MMR006002022
S1-0613,1.01,101,medium,0.945,1.0,22.164,31.959,415.0,490.0,Tree cover,-2.212,-1.14,0.0,,cloud,Ti Zit,MMR006002012
S1-0958,1.0,100,low,0.954,1.0,11.077,30.577,5.0,17.0,Tree cover,-0.771,-2.016,1.0,0.034,not seen,Kyauk Twin,MMR006002037
S1-0464,1.0,100,high,0.963,1.0,22.148,31.837,98.0,171.0,Tree cover,-1.843,-1.525,0.0,,cloud,Auk Yae Hpyu,MMR006002015
S1-0261,1.0,100,medium,0.954,1.0,22.249,33.976,138.0,222.0,Tree cover,-1.004,-1.273,0.26,-0.201,cloud,Tha Byar,MMR006002004
S1-0506,1.0,100,high,0.953,1.0,16.23,25.861,149.0,196.0,Tree cover,-1.582,-1.83,1.0,-0.176,supported,Ti Zit,MMR006002012
S1-0309,1.0,100,high,0.955,0.99,17.954,34.316,196.0,272.0,Tree cover,-1.389,-1.22,0.91,-0.296,supported,Pa Nyit,MMR006002014
S1-0275,1.0,100,medium,0.937,0.99,11.243,19.668,15.0,46.0,Tree cover,-1.676,-0.478,0.23,-0.046,cloud,Pa Nyit,MMR006002014
S1-0013,0.99,99,medium,0.958,0.99,15.521,24.844,73.0,113.0,Tree cover,-2.023,-1.234,0.0,,cloud,Pan Det Inn,MMR006002023
S1-0252,0.99,99,medium,0.954,0.99,17.501,33.981,112.0,174.0,Tree cover,-1.106,-0.683,0.0,,cloud,Tha Byar,MMR006002004
S1-0743,0.99,99,high,0.971,1.0,37.53,43.256,229.0,335.0,Tree cover,-2.423,-2.49,0.0,,cloud,Taw Kye,MMR006002033
S1-0698,0.98,98,high,0.968,1.0,33.896,43.309,357.0,454.0,Tree cover,-2.06,-1.946,0.0,,cloud,Tha Pyay Shaung,MMR006002034
S1-0067,0.98,98,medium,0.944,0.99,9.231,26.034,26.0,44.0,Tree cover,-2.214,-1.03,0.0,,cloud,Sa Khan Gyi,MMR006002029
S1-0943,0.96,96,high,0.963,1.0,13.421,25.015,55.0,121.0,Tree cover,-3.116,-2.561,0.0,,cloud,Kyauk Twin,MMR006002037
S1-0047,0.96,96,medium,0.952,1.0,17.202,26.012,84.0,128.0,Tree cover,-1.955,-2.118,0.0,,cloud,Pan Det Inn,MMR006002023
S1-1046,0.96,96,low,0.957,0.99,30.14,36.49,26.0,92.0,Tree cover,-1.774,-1.352,0.562,-0.061,not seen,Auk Kyauk Wut,MMR006002041
S1-0483,0.96,96,medium,0.96,1.0,20.628,29.435,244.0,280.0,Tree cover,-2.153,-1.859,0.0,,cloud,Ti Zit,MMR006002012
S1-0535,0.95,95,high,0.962,1.0,22.514,34.214,137.0,187.0,Tree cover,-1.285,-1.88,1.0,-0.209,supported,Ti Zit,MMR006002012
S1-0494,0.94,94,medium,0.949,0.99,12.934,20.289,96.0,128.0,Tree cover,-1.768,-2.281,0.0,,cloud,Auk Yae Hpyu,MMR006002015
S1-0480,0.94,94,high,0.971,1.0,21.503,30.116,67.0,126.0,Tree cover,-2.276,-2.938,0.787,-0.269,supported,Auk Yae Hpyu,MMR006002015
S1-0870,0.94,94,high,0.971,1.0,23.672,36.46,157.0,234.0,Tree cover,-2.609,-2.943,0.0,,cloud,Tha Kyet Taw,MMR006002032
S1-0805,0.94,94,medium,0.959,1.0,23.489,31.858,341.0,391.0,Tree cover,-2.243,-1.827,0.085,-0.073,cloud,Tha Kyet Taw,MMR006002032
S1-0623,0.94,94,medium,0.957,1.0,28.985,39.549,143.0,228.0,Tree cover,-1.824,-1.187,0.0,,cloud,Ka Det Gyi (Khun Hnit Thein),MMR006002017
S1-0511,0.93,93,high,0.966,1.0,19.336,33.822,176.0,214.0,Tree cover,-1.513,-1.833,1.0,-0.345,supported,Ti Zit,MMR006002012
S1-0809,0.92,92,high,0.97,1.0,23.388,36.251,236.0,315.0,Tree cover,-2.94,-3.551,0.0,,cloud,Tha Kyet Taw,MMR006002032
S1-0149,0.92,92,low,0.967,1.0,27.185,33.984,261.0,327.0,Tree cover,-3.097,-1.628,1.0,-0.132,not seen,Kyauk Sin,MMR006002022
S1-0926,0.92,92,high,0.949,0.99,22.8,38.931,42.0,121.0,Tree cover,-2.279,-1.055,1.0,-0.16,supported,Kyauk Twin,MMR006002037
S1-0092,0.91,91,medium,0.952,0.99,18.605,27.495,88.0,146.0,Tree cover,-0.5,-1.511,0.0,,cloud,Kyauk Sin,MMR006002022
S1-0459,0.9,90,high,0.974,1.0,29.675,37.451,361.0,426.0,Tree cover,-2.778,-2.418,0.0,,cloud,Ti Zit,MMR006002012
S1-0062,0.9,90,medium,0.947,0.99,16.709,37.547,185.0,257.0,Tree cover,-1.778,-1.344,0.0,,cloud,Sa Khan Gyi,MMR006002029
S1-0367,0.89,89,low,0.955,0.99,13.805,26.804,16.0,47.0,Tree cover,-2.006,-2.329,1.0,-0.128,not seen,Pyin Htein,MMR006002001
S1-0339,0.89,89,high,0.969,1.0,22.488,34.051,28.0,92.0,Tree cover,-3.519,-3.306,0.0,,cloud,Tha Byar,MMR006002004
S1-0668,0.88,88,medium,0.958,1.0,23.513,36.835,134.0,227.0,Tree cover,-1.73,-1.129,0.0,,cloud,Tha Pyay Shaung,MMR006002034
S1-1063,0.88,88,medium,0.95,0.99,21.311,28.478,154.0,200.0,Tree cover,-1.77,-1.547,0.0,,cloud,Kyauk Mat Tat,MMR006002038
S1-0751,0.88,88,high,0.959,1.0,22.585,41.115,70.0,136.0,Tree cover,-1.134,-1.976,1.0,-0.448,supported,Taw Kye,MMR006002033
S1-0904,0.87,87,medium,0.958,0.99,27.184,41.887,115.0,206.0,Tree cover,-2.35,-1.859,0.0,,cloud,Kyauk Twin,MMR006002037
S1-0456,0.87,87,high,0.966,1.0,14.382,32.113,21.0,65.0,Tree cover,-2.113,-1.515,0.885,-0.383,supported,Auk Yae Hpyu,MMR006002015
S1-0431,0.87,87,high,0.977,1.0,31.27,38.86,150.0,241.0,Tree cover,-2.116,-3.114,0.0,,cloud,Lay Thun Khan,MMR006002009
S1-0990,0.87,87,high,0.961,1.0,13.495,28.844,36.0,55.0,Tree cover,-2.599,-2.492,1.0,-0.415,supported,Kyauk Ni Maw,MMR006002040
S1-0271,0.86,86,medium,0.957,1.0,32.304,43.321,274.0,383.0,Tree cover,-4.285,-3.742,0.0,,cloud,Tha Byar,MMR006002004
S1-0590,0.86,86,medium,0.954,1.0,27.666,41.472,76.0,169.0,Tree cover,-2.501,-1.931,0.0,,cloud,Ka Det Gyi (Khun Hnit Thein),MMR006002017
S1-0832,0.86,86,high,0.937,0.98,7.454,18.772,50.0,62.0,Tree cover,-1.685,-2.038,1.0,-0.154,supported,Tha Kyet Taw,MMR006002032
S1-0455,0.85,85,medium,0.935,0.98,7.955,23.836,25.0,54.0,Tree cover,-0.879,-1.059,0.0,,cloud,Auk Yae Hpyu,MMR006002015
S1-0318,0.85,85,medium,0.955,1.0,27.512,39.143,158.0,214.0,Tree cover,-1.625,-2.141,0.0,,cloud,Tha Byar,MMR006002004
S1-0401,0.85,85,high,0.968,1.0,9.941,18.78,92.0,117.0,Tree cover,-3.558,-2.839,0.0,,cloud,Nyin Maw,MMR006002011
S1-0011,0.85,85,medium,0.948,0.99,18.778,31.058,60.0,115.0,Tree cover,-1.577,-1.313,0.0,,cloud,Pan Det Inn,MMR006002023
S1-0923,0.85,85,low,0.962,1.0,22.103,33.819,34.0,86.0,Tree cover,-1.308,-1.124,1.0,-0.096,not seen,Kyauk Twin,MMR006002037
S1-0329,0.84,84,high,0.974,1.0,15.957,25.4,91.0,130.0,Tree cover,-2.11,-2.931,0.0,,cloud,Tha Byar,MMR006002004
S1-0916,0.83,83,medium,0.951,1.0,20.863,34.837,91.0,135.0,Tree cover,-3.867,-3.334,0.337,-0.408,cloud,Kyauk Twin,MMR006002037
S1-0938,0.83,83,medium,0.959,0.99,33.045,37.639,136.0,249.0,Grassland,-1.998,-1.546,0.0,,cloud,Tha Kyet Taw,MMR006002032
S1-0758,0.83,83,medium,0.953,1.0,16.082,26.736,255.0,292.0,Tree cover,-2.315,-2.301,0.0,,cloud,Taw Kye,MMR006002033
S1-0099,0.83,83,low,0.969,1.0,6.517,20.354,3.0,11.0,Tree cover,-1.45,-1.616,1.0,-0.124,not seen,Kyauk Sin,MMR006002022
S1-1023,0.83,83,high,0.972,1.0,22.458,29.965,41.0,103.0,Tree cover,-3.093,-3.249,1.0,-0.274,supported,Auk Kyauk Wut,MMR006002041
S1-0874,0.83,83,medium,0.957,1.0,14.858,22.061,49.0,90.0,Tree cover,-3.831,-3.884,0.0,,cloud,Tha Kyet Taw,MMR006002032
S1-0614,0.83,83,medium,0.954,0.99,24.118,36.558,299.0,363.0,Tree cover,-1.182,-1.541,0.0,,cloud,Tha Pyay Shaung,MMR006002034
S1-0995,0.82,82,high,0.954,1.0,24.469,30.831,38.0,78.0,Tree cover,-2.726,-2.082,1.0,-0.315,supported,Kyauk Ni Maw,MMR006002040
S1-1032,0.82,82,low,0.95,0.99,27.396,38.394,78.0,146.0,Tree cover,-2.036,-1.387,1.0,-0.07,not seen,Auk Kyauk Wut,MMR006002041
S1-0493,0.82,82,high,0.964,1.0,15.41,24.257,23.0,71.0,Tree cover,-2.624,-1.852,1.0,-0.378,supported,Auk Yae Hpyu,MMR006002015
S1-0611,0.82,82,medium,0.945,0.99,32.082,50.682,315.0,399.0,Tree cover,-2.278,0.166,0.11,-0.135,cloud,Ti Zit,MMR006002012
S1-0327,0.81,81,high,0.964,1.0,22.949,31.919,32.0,73.0,Tree cover,-2.458,-2.232,0.481,-0.404,cloud,Tha Byar,MMR006002004
S1-0255,0.81,81,medium,0.958,1.0,15.245,26.166,183.0,230.0,Tree cover,-2.267,-1.357,0.0,,cloud,Tha Byar,MMR006002004
S1-0162,0.81,81,high,0.957,1.0,28.888,35.12,258.0,319.0,Tree cover,-2.804,-1.943,1.0,-0.203,supported,Pan Da Le,MMR006002006
S1-0253,0.8,80,high,0.975,1.0,26.618,35.104,281.0,339.0,Tree cover,-3.736,-2.891,0.012,-0.201,cloud,Tha Byar,MMR006002004
S1-0041,0.8,80,medium,0.956,1.0,24.551,33.961,88.0,127.0,Tree cover,-1.669,-2.393,0.0,,cloud,Pan Det Inn,MMR006002023
S1-0694,0.8,80,medium,0.951,1.0,25.416,34.21,159.0,223.0,Tree cover,-1.619,-2.282,0.0,,cloud,Tha Pyay Shaung,MMR006002034
S1-0286,0.8,80,high,0.968,1.0,14.619,22.352,38.0,71.0,Tree cover,-2.063,-3.717,0.038,-0.24,cloud,Pa Nyit,MMR006002014
S1-1030,0.79,79,high,0.961,1.0,15.306,31.138,30.0,68.0,Tree cover,-1.281,-2.4,1.0,-0.297,supported,Auk Kyauk Wut,MMR006002041
S1-0789,0.79,79,medium,0.955,1.0,26.034,30.674,172.0,232.0,Tree cover,-1.929,-1.483,0.013,-0.141,cloud,Taw Kye,MMR006002033
S1-0903,0.79,79,low,0.951,0.99,25.17,30.421,11.0,68.0,Tree cover,-1.189,-1.257,1.0,-0.118,not seen,Kyauk Twin,MMR006002037
S1-1031,0.79,79,low,0.946,0.99,15.132,32.156,14.0,54.0,Tree cover,-2.179,-1.246,1.0,-0.011,not seen,Auk Kyauk Wut,MMR006002041
S1-0546,0.79,79,high,0.96,1.0,21.619,31.628,164.0,256.0,Tree cover,-3.52,-3.9,0.0,,cloud,Ka Det Gyi (Khun Hnit Thein),MMR006002017
S1-0860,0.79,79,high,0.974,1.0,21.887,38.859,152.0,221.0,Tree cover,-2.444,-2.358,0.0,,cloud,Tha Kyet Taw,MMR006002032
S1-0844,0.79,79,high,0.97,1.0,12.471,22.445,90.0,111.0,Tree cover,-2.876,-4.209,0.0,,cloud,Tha Kyet Taw,MMR006002032
S1-0521,0.78,78,high,0.971,1.0,6.756,15.408,19.0,33.0,Tree cover,-1.285,-3.632,0.0,,cloud,Auk Yae Hpyu,MMR006002015
S1-0479,0.78,78,high,0.949,1.0,5.302,16.79,4.0,10.0,Tree cover,-1.483,-2.449,1.0,-0.395,supported,Auk Yae Hpyu,MMR006002015
S1-0913,0.78,78,low,0.951,0.99,24.158,43.459,7.0,49.0,Tree cover,-1.468,-1.688,0.833,-0.105,not seen,Kyauk Twin,MMR006002037
S1-0227,0.77,77,low,0.959,0.99,13.14,32.634,8.0,34.0,Tree cover,-1.164,-1.332,1.0,-0.036,not seen,Pa Nyit,MMR006002014
S1-0532,0.77,77,high,0.934,0.97,25.721,33.271,110.0,181.0,Tree cover,-1.031,-1.468,1.0,-0.229,supported,Auk Yae Hpyu,MMR006002015
S1-0928,0.77,77,high,0.957,1.0,26.974,31.765,56.0,132.0,Tree cover,-2.421,-2.826,1.0,-0.176,supported,Kyauk Twin,MMR006002037
S1-0905,0.77,77,medium,0.959,1.0,9.095,26.072,56.0,67.0,Tree cover,-1.321,-2.294,0.0,,cloud,Tha Kyet Taw,MMR006002032
S1-0685,0.76,76,medium,0.941,0.98,10.559,21.146,17.0,36.0,Tree cover,-2.625,-2.206,0.0,,cloud,Tha Pyay Shaung,MMR006002034
S1-0104,0.76,76,medium,0.952,0.99,15.475,24.273,221.0,265.0,Tree cover,-1.876,-1.325,0.0,,cloud,Kyauk Sin,MMR006002022
S1-1043,0.76,76,low,0.962,1.0,8.595,19.011,5.0,24.0,Tree cover,-1.112,-2.897,1.0,-0.088,not seen,Auk Kyauk Wut,MMR006002041
S1-0771,0.75,75,high,0.978,1.0,30.302,37.985,114.0,196.0,Tree cover,-2.492,-2.571,1.0,-0.35,supported,Taw Kye,MMR006002033
S1-0295,0.75,75,high,0.96,1.0,29.488,37.546,158.0,226.0,Tree cover,-2.509,-0.575,0.0,,cloud,Tha Byar,MMR006002004
S1-0184,0.75,75,high,0.972,1.0,25.601,33.308,141.0,211.0,Tree cover,-2.377,-2.246,0.0,,cloud,Tha Byar,MMR006002004
S1-1040,0.75,75,low,0.938,0.98,21.89,30.338,61.0,139.0,Tree cover,-2.357,-1.583,1.0,-0.073,not seen,Auk Kyauk Wut,MMR006002041
S1-0463,0.74,74,high,0.965,1.0,27.188,33.26,288.0,337.0,Tree cover,-2.996,-1.527,0.0,,cloud,Ti Zit,MMR006002012
S1-0711,0.74,74,high,0.95,1.0,11.511,22.855,12.0,46.0,Tree cover,-0.937,-2.452,1.0,-0.36,supported,Tha Pyay Shaung,MMR006002034
S1-1008,0.73,73,high,0.944,0.99,24.822,39.763,117.0,194.0,Tree cover,-2.314,-2.721,1.0,-0.307,supported,Kyauk Wut Pyin,MMR006002039
S1-0457,0.73,73,high,0.962,1.0,9.622,17.604,35.0,55.0,Tree cover,-1.946,-2.557,0.0,,cloud,Auk Yae Hpyu,MMR006002015
S1-0054,0.72,72,medium,0.954,1.0,19.034,33.518,34.0,60.0,Tree cover,-2.045,-2.14,0.0,,cloud,Sa Khan Gyi,MMR006002029
S1-0865,0.72,72,medium,0.954,0.99,22.086,32.492,198.0,235.0,Tree cover,-1.243,-1.94,0.0,,cloud,Tha Kyet Taw,MMR006002032
S1-0641,0.72,72,high,0.968,1.0,26.931,39.7,154.0,242.0,Tree cover,-2.686,-1.385,0.0,,cloud,Ka Det Gyi (Khun Hnit Thein),MMR006002017
S1-1052,0.72,72,medium,0.948,0.99,22.042,31.79,17.0,67.0,Tree cover,-1.354,-0.366,0.0,,cloud,Auk Kyauk Wut,MMR006002041
S1-0210,0.72,72,high,0.964,1.0,31.883,49.369,166.0,281.0,Tree cover,-1.914,-2.816,0.0,,cloud,Pa Nyit,MMR006002014
S1-0553,0.71,71,high,0.969,1.0,31.439,42.516,173.0,223.0,Tree cover,-2.054,-2.935,1.0,-0.367,supported,Ti Zit,MMR006002012
S1-0555,0.71,71,high,0.975,1.0,32.296,39.448,222.0,300.0,Tree cover,-2.387,-3.095,0.887,-0.535,supported,Auk Yae Hpyu,MMR006002015
S1-0803,0.71,71,medium,0.94,0.99,34.818,42.388,239.0,321.0,Tree cover,-1.907,-1.913,0.0,,cloud,Tha Kyet Taw,MMR006002032
S1-0182,0.71,71,medium,0.942,0.99,26.927,38.572,292.0,357.0,Tree cover,-0.993,-1.303,0.0,,cloud,Kyauk Sin,MMR006002022
S1-0350,0.7,70,high,0.965,1.0,22.891,27.834,34.0,93.0,Tree cover,-3.333,-2.244,0.0,,cloud,Tha Byar,MMR006002004
S1-0130,0.7,70,low,0.94,0.99,10.858,23.638,35.0,62.0,Tree cover,-1.332,-1.172,1.0,-0.016,not seen,Kyauk Sin,MMR006002022
S1-0356,0.7,70,medium,0.954,0.99,14.697,26.258,132.0,177.0,Tree cover,-2.442,-1.908,0.0,,cloud,Nyin Maw,MMR006002011
S1-0069,0.7,70,high,0.968,1.0,18.671,28.761,47.0,76.0,Tree cover,-1.955,-1.666,0.0,,cloud,Sa Khan Gyi,MMR006002029
S1-0096,0.7,70,medium,0.942,1.0,18.552,27.533,241.0,287.0,Tree cover,-1.683,-1.669,0.286,-0.114,cloud,Kyauk Sin,MMR006002022
S1-0323,0.69,69,high,0.952,0.99,7.364,13.042,44.0,59.0,Tree cover,-2.328,-2.557,1.0,-0.344,supported,Tha Byar,MMR006002004
S1-0696,0.69,69,high,0.964,1.0,17.153,27.688,207.0,226.0,Tree cover,-1.771,-1.713,0.0,,cloud,Tha Pyay Shaung,MMR006002034
S1-0501,0.69,69,high,0.978,1.0,4.498,14.989,3.0,10.0,Tree cover,-3.011,-3.799,0.0,,cloud,Ka Det Gyi (Khun Hnit Thein),MMR006002017
S1-0034,0.68,68,medium,0.945,0.99,15.377,27.746,73.0,100.0,Tree cover,-2.127,-0.991,0.0,,cloud,Pan Det Inn,MMR006002023
S1-0322,0.68,68,low,0.942,0.99,9.567,14.722,34.0,49.0,Tree cover,-2.731,-2.012,1.0,-0.05,not seen,Pa Nyit,MMR006002014
S1-0078,0.68,68,medium,0.951,0.99,9.832,19.392,11.0,31.0,Tree cover,-1.644,-2.169,0.0,,cloud,Na Khan Taw,MMR006002030
S1-0707,0.68,68,high,0.97,1.0,6.617,14.165,3.0,9.0,Tree cover,-1.741,-3.165,1.0,-0.265,supported,Tha Pyay Shaung,MMR006002034
S1-0643,0.68,68,high,0.94,0.99,24.424,33.376,383.0,485.0,Tree cover,-1.322,-1.543,1.0,-0.279,supported,Ti Zit,MMR006002012
S1-0129,0.68,68,high,0.969,1.0,21.137,32.472,281.0,312.0,Tree cover,-1.232,-2.614,1.0,-0.235,supported,Kyauk Sin,MMR006002022
S1-0422,0.68,68,high,0.966,1.0,17.513,36.456,16.0,44.0,Tree cover,-1.994,-0.634,0.0,,cloud,Lay Thun Khan,MMR006002009
S1-0024,0.67,67,medium,0.952,0.99,12.101,20.79,27.0,44.0,Tree cover,-2.03,-1.021,0.0,,cloud,Pan Det Inn,MMR006002023
S1-0877,0.67,67,high,0.964,1.0,11.776,24.158,27.0,49.0,Tree cover,-1.54,-1.888,0.0,,cloud,Tha Kyet Taw,MMR006002032
S1-0394,0.67,67,low,0.948,0.99,6.135,13.287,9.0,19.0,Tree cover,-1.516,-2.239,1.0,0.046,not seen,Nyin Maw,MMR006002011
S1-0045,0.67,67,medium,0.932,0.97,5.886,15.101,16.0,28.0,Tree cover,-1.767,-0.195,0.0,,cloud,Sa Khan Gyi,MMR006002029
S1-0953,0.66,66,low,0.942,0.99,25.735,33.502,41.0,101.0,Tree cover,-0.801,-1.542,1.0,-0.05,not seen,Kyauk Twin,MMR006002037
S1-0695,0.66,66,high,0.964,1.0,31.329,35.946,285.0,366.0,Tree cover,-2.229,-2.211,0.0,,cloud,Tha Pyay Shaung,MMR006002034
S1-0496,0.66,66,high,0.965,1.0,22.743,35.147,283.0,332.0,Tree cover,-2.258,-3.393,1.0,-0.601,supported,Ti Zit,MMR006002012
S1-0126,0.66,66,high,0.942,0.99,10.605,19.963,19.0,30.0,Tree cover,-2.563,-1.654,1.0,-0.164,supported,Kyauk Sin,MMR006002022
S1-0728,0.66,66,high,0.971,1.0,20.359,35.314,172.0,216.0,Tree cover,-4.409,-3.523,1.0,-0.577,supported,Taw Kye,MMR006002033
S1-0433,0.66,66,medium,0.945,1.0,13.641,25.133,207.0,251.0,Tree cover,-1.987,-2.087,0.0,,cloud,Lay Thun Khan,MMR006002009
S1-0841,0.65,65,medium,0.945,1.0,12.619,29.452,188.0,214.0,Tree cover,-0.704,-1.96,0.0,,cloud,Tha Kyet Taw,MMR006002032
S1-0042,0.65,65,medium,0.944,0.98,9.858,17.443,59.0,74.0,Tree cover,-1.678,-1.533,0.0,,cloud,Pan Det Inn,MMR006002023
S1-0315,0.65,65,medium,0.948,0.99,29.338,33.926,86.0,164.0,Tree cover,-1.933,-1.963,0.0,,cloud,Tha Byar,MMR006002004
S1-0386,0.65,65,high,0.961,1.0,6.601,13.223,14.0,21.0,Tree cover,-3.034,-4.008,0.0,,cloud,Nyin Maw,MMR006002011
S1-0673,0.65,65,medium,0.947,1.0,25.041,31.052,253.0,336.0,Tree cover,-2.153,-2.276,0.0,,cloud,Tha Pyay Shaung,MMR006002034
S1-0855,0.65,65,medium,0.95,0.99,26.148,38.478,184.0,298.0,Tree cover,-1.328,-1.053,0.0,,cloud,Tha Kyet Taw,MMR006002032
S1-0163,0.65,65,high,0.966,1.0,25.408,40.782,143.0,188.0,Tree cover,-3.083,-2.115,0.0,,cloud,Kyauk Sin,MMR006002022
S1-0541,0.64,64,medium,0.957,0.99,33.495,40.16,145.0,214.0,Tree cover,-3.143,-1.578,0.0,,cloud,Auk Yae Hpyu,MMR006002015
S1-0206,0.64,64,low,0.958,0.99,22.454,29.475,23.0,62.0,Tree cover,-2.102,-1.241,1.0,-0.015,not seen,Pa Nyit,MMR006002014
S1-0437,0.64,64,medium,0.952,1.0,21.255,27.756,124.0,165.0,Tree cover,-1.528,-2.394,0.0,,cloud,Auk Yae Hpyu,MMR006002015
S1-0131,0.63,63,high,0.961,1.0,20.748,32.485,311.0,343.0,Tree cover,-3.36,-1.563,1.0,-0.207,supported,Kyauk Sin,MMR006002022
S1-0720,0.63,63,high,0.949,0.99,20.979,29.825,54.0,95.0,Tree cover,-2.104,-1.313,1.0,-0.196,supported,Taw Kye,MMR006002033
S1-0983,0.63,63,high,0.947,1.0,10.278,17.968,19.0,32.0,Tree cover,-2.676,-1.672,1.0,-0.175,supported,Kyauk Ni Maw,MMR006002040
S1-0722,0.63,63,high,0.972,1.0,9.888,15.196,264.0,289.0,Tree cover,-5.654,-5.459,0.0,,cloud,Taw Kye,MMR006002033
S1-0218,0.63,63,medium,0.944,0.99,21.785,33.345,248.0,325.0,Tree cover,-0.765,-2.522,0.0,,cloud,Pa Nyit,MMR006002014
S1-0779,0.63,63,low,0.957,0.99,5.852,12.665,3.0,21.0,Cropland,-2.032,-1.669,1.0,-0.12,not seen,Taw Kye,MMR006002033
S1-0452,0.63,63,high,0.972,1.0,12.763,15.161,72.0,91.0,Tree cover,-1.785,-2.89,0.0,,cloud,Auk Yae Hpyu,MMR006002015
S1-0503,0.62,62,high,0.967,1.0,29.561,36.996,112.0,172.0,Tree cover,-3.024,-3.279,0.661,-0.55,supported,Auk Yae Hpyu,MMR006002015
S1-0204,0.62,62,medium,0.951,0.99,10.799,22.305,18.0,29.0,Tree cover,-2.039,-1.659,0.0,,cloud,Pan Da Le,MMR006002006
S1-0810,0.62,62,high,0.967,1.0,23.481,30.938,147.0,185.0,Tree cover,-2.644,-2.262,1.0,-0.347,supported,Tha Kyet Taw,MMR006002032
S1-0808,0.62,62,high,0.973,1.0,31.801,38.651,111.0,169.0,Tree cover,-4.076,-3.965,0.0,,cloud,Tha Kyet Taw,MMR006002032
S1-1041,0.62,62,low,0.947,0.99,16.345,23.107,27.0,68.0,Tree cover,-1.333,-1.871,1.0,0.001,not seen,Auk Kyauk Wut,MMR006002041
S1-0672,0.62,62,medium,0.932,0.97,9.149,20.203,32.0,51.0,Tree cover,-0.587,-1.607,0.0,,cloud,Tha Pyay Shaung,MMR006002034
S1-0060,0.61,61,medium,0.941,0.98,19.211,27.4,100.0,150.0,Tree cover,-1.646,-1.007,0.0,,cloud,Maung Ma Kan,MMR006002020
S1-0306,0.61,61,high,0.946,0.98,13.937,28.681,167.0,205.0,Tree cover,-0.025,-0.037,1.0,-0.239,supported,Pa Nyit,MMR006002014
S1-0004,0.61,61,medium,0.935,0.98,9.496,20.195,33.0,48.0,Tree cover,-1.099,-1.306,0.0,,cloud,Pan Det Inn,MMR006002023
S1-0910,0.61,61,high,0.968,1.0,28.991,38.239,58.0,115.0,Tree cover,-2.561,-3.025,0.0,,cloud,Tha Kyet Taw,MMR006002032
S1-0349,0.61,61,low,0.936,0.99,18.97,29.672,13.0,54.0,Tree cover,-2.417,-1.217,1.0,-0.045,not seen,San Hlan,MMR006002013
S1-0051,0.61,61,medium,0.939,0.99,8.163,13.165,7.0,14.0,Tree cover,-2.408,-2.018,0.0,,cloud,Sa Khan Gyi,MMR006002029
S1-0609,0.6,60,medium,0.952,0.99,37.22,41.279,187.0,260.0,Tree cover,-2.51,-1.837,0.0,,cloud,Ka Det Gyi (Khun Hnit Thein),MMR006002017
S1-1026,0.6,60,low,0.944,0.99,20.907,35.353,17.0,53.0,Tree cover,-0.985,-0.634,1.0,-0.027,not seen,Auk Kyauk Wut,MMR006002041
S1-0418,0.6,60,high,0.981,1.0,17.104,32.621,39.0,72.0,Tree cover,-3.269,-3.486,0.0,,cloud,Lay Thun Khan,MMR006002009
S1-0238,0.59,59,low,0.936,0.98,24.621,31.232,137.0,181.0,Tree cover,-2.522,-1.893,0.932,0.014,not seen,Pa Nyit,MMR006002014
S1-0416,0.59,59,high,0.982,1.0,29.216,38.904,87.0,140.0,Tree cover,-3.572,-4.261,0.0,,cloud,Lay Thun Khan,MMR006002009
S1-0186,0.59,59,medium,0.948,0.99,21.403,33.768,163.0,216.0,Tree cover,-0.521,-1.246,0.0,,cloud,Kyauk Sin,MMR006002022
S1-0876,0.59,59,medium,0.947,0.99,11.15,27.933,21.0,41.0,Tree cover,-1.426,-1.927,0.0,,cloud,Tha Kyet Taw,MMR006002032
S1-0175,0.59,59,medium,0.959,1.0,32.525,38.094,266.0,368.0,Tree cover,-2.967,-2.837,0.0,,cloud,Pan Da Le,MMR006002006
S1-0476,0.59,59,medium,0.96,1.0,20.882,26.957,111.0,162.0,Tree cover,-3.649,-1.945,0.085,-0.266,cloud,Auk Yae Hpyu,MMR006002015
S1-0979,0.58,58,high,0.972,1.0,23.552,31.589,54.0,95.0,Tree cover,-5.538,-5.491,0.0,,cloud,Kyauk Ni Maw,MMR006002040
S1-0135,0.58,58,high,0.94,0.98,16.14,26.683,50.0,94.0,Tree cover,-1.372,-2.087,1.0,-0.312,supported,Kyauk Sin,MMR006002022
S1-0768,0.58,58,low,0.948,0.99,15.767,29.533,384.0,404.0,Tree cover,-2.09,-1.762,1.0,-0.017,not seen,Kyauk Twin,MMR006002037
S1-0475,0.58,58,medium,0.954,1.0,24.283,32.61,209.0,270.0,Tree cover,-2.1,-1.62,0.0,,cloud,Auk Yae Hpyu,MMR006002015
S1-0415,0.58,58,medium,0.956,1.0,16.329,30.599,132.0,151.0,Tree cover,-2.392,-1.308,0.0,,cloud,Lay Thun Khan,MMR006002009
S1-0664,0.58,58,high,0.974,1.0,19.591,29.608,191.0,233.0,Tree cover,-2.294,-3.199,0.0,,cloud,Tha Pyay Shaung,MMR006002034
S1-0669,0.58,58,medium,0.956,1.0,20.522,30.73,80.0,123.0,Tree cover,-3.328,-1.879,0.0,,cloud,Tha Pyay Shaung,MMR006002034
S1-0395,0.58,58,high,0.934,0.99,7.863,13.944,42.0,58.0,Tree cover,-1.991,-4.833,1.0,-0.717,supported,Nyin Maw,MMR006002011
S1-0777,0.58,58,medium,0.957,1.0,17.543,34.995,278.0,321.0,Tree cover,-4.2,-4.903,0.259,-0.536,cloud,Taw Kye,MMR006002033
S1-0539,0.58,58,high,0.96,0.99,22.913,34.064,41.0,79.0,Tree cover,-2.289,-2.828,0.069,-0.58,cloud,Ti Zit,MMR006002012
S1-0495,0.57,57,medium,0.953,0.99,15.973,21.652,35.0,60.0,Tree cover,-2.271,-2.053,0.0,,cloud,Auk Yae Hpyu,MMR006002015
S1-0165,0.57,57,high,0.966,1.0,27.43,33.226,257.0,309.0,Tree cover,-3.947,-4.014,1.0,-0.453,supported,Pan Da Le,MMR006002006
S1-0769,0.57,57,medium,0.942,0.98,15.619,25.098,286.0,327.0,Tree cover,-1.51,-1.616,0.0,,cloud,Taw Kye,MMR006002033
S1-0197,0.57,57,high,0.963,1.0,13.932,22.782,180.0,196.0,Tree cover,-2.549,-0.748,0.0,,cloud,Kyauk Sin,MMR006002022
S1-0389,0.56,56,high,0.98,1.0,5.042,14.429,5.0,11.0,Tree cover,-2.846,-4.571,0.0,,cloud,Nyin Maw,MMR006002011
S1-0891,0.56,56,medium,0.949,0.99,12.91,29.978,19.0,48.0,Tree cover,-2.33,-1.405,0.0,,cloud,Tha Kyet Taw,MMR006002032
S1-0652,0.55,55,high,0.968,1.0,38.795,43.678,506.0,574.0,Tree cover,-2.909,-2.798,0.0,,cloud,Tha Pyay Shaung,MMR006002034
S1-0932,0.55,55,low,0.937,0.97,27.775,40.255,10.0,54.0,Tree cover,-0.859,-1.592,1.0,-0.068,not seen,Kyauk Twin,MMR006002037
S1-0851,0.55,55,medium,0.953,0.99,26.675,35.601,111.0,167.0,Tree cover,-1.798,-2.35,0.0,,cloud,Tha Kyet Taw,MMR006002032
S1-0259,0.55,55,high,0.965,1.0,13.117,34.06,197.0,214.0,Tree cover,-2.422,-2.69,0.0,,cloud,Tha Byar,MMR006002004
S1-0818,0.54,54,medium,0.941,0.99,26.42,37.675,235.0,284.0,Tree cover,-2.264,-2.125,0.0,,cloud,Tha Kyet Taw,MMR006002032
S1-0834,0.54,54,high,0.96,1.0,30.661,38.623,93.0,151.0,Tree cover,-1.511,-2.236,0.0,,cloud,Tha Kyet Taw,MMR006002032
S1-0807,0.54,54,medium,0.949,0.99,28.477,32.62,212.0,268.0,Tree cover,-2.49,-2.088,0.0,,cloud,Tha Kyet Taw,MMR006002032
S1-0354,0.54,54,medium,0.928,0.97,7.972,15.398,33.0,46.0,Tree cover,-1.657,-1.689,0.0,,cloud,Nyin Maw,MMR006002011
S1-0287,0.54,54,medium,0.955,0.99,17.991,36.559,89.0,138.0,Tree cover,-1.555,-0.578,0.0,,cloud,Tha Byar,MMR006002004
S1-0853,0.54,54,high,0.961,0.99,15.938,26.17,150.0,171.0,Tree cover,-2.273,-1.501,0.0,,cloud,Tha Kyet Taw,MMR006002032
S1-0140,0.54,54,high,0.96,0.99,20.33,28.456,94.0,139.0,Tree cover,-2.024,-2.634,1.0,-0.17,supported,Kyauk Sin,MMR006002022
S1-0083,0.54,54,high,0.961,0.99,15.634,25.481,22.0,43.0,Tree cover,-1.783,-1.322,0.0,,cloud,Kyauk Sin,MMR006002022
S1-1000,0.54,54,low,0.954,0.99,31.113,36.362,110.0,173.0,Tree cover,-1.863,-2.641,1.0,-0.063,not seen,Kyauk Ni Maw,MMR006002040
S1-0567,0.53,53,high,0.958,1.0,30.027,39.731,170.0,231.0,Tree cover,-2.646,-1.829,1.0,-0.545,supported,Ti Zit,MMR006002012
S1-0536,0.53,53,high,0.966,1.0,21.671,30.063,80.0,127.0,Tree cover,-3.301,-3.053,0.0,,cloud,Auk Yae Hpyu,MMR006002015
S1-0105,0.53,53,low,0.948,0.98,10.721,15.837,26.0,50.0,Tree cover,-2.352,-1.837,1.0,-0.037,not seen,Kyauk Sin,MMR006002022
S1-0998,0.53,53,high,0.958,1.0,29.311,34.811,70.0,131.0,Tree cover,-2.188,-3.108,1.0,-0.253,supported,Kyauk Ni Maw,MMR006002040
S1-0143,0.53,53,high,0.96,1.0,26.832,36.356,79.0,138.0,Tree cover,-1.571,-1.963,1.0,-0.229,supported,Kyauk Sin,MMR006002022
S1-0950,0.53,53,medium,0.958,1.0,23.779,39.207,64.0,112.0,Tree cover,-2.14,-2.445,0.0,,cloud,Kyauk Twin,MMR006002037
S1-0134,0.53,53,low,0.948,0.99,9.401,18.481,39.0,55.0,Tree cover,-1.45,-0.682,1.0,-0.025,not seen,Kyauk Sin,MMR006002022
S1-0618,0.53,53,high,0.963,1.0,17.948,29.221,272.0,308.0,Tree cover,-2.403,-2.162,1.0,-0.372,supported,Tha Pyay Shaung,MMR006002034
S1-0380,0.53,53,high,0.967,1.0,16.174,26.573,30.0,55.0,Tree cover,-3.601,-3.353,1.0,-0.386,supported,Nyin Maw,MMR006002011
S1-0358,0.52,52,high,0.969,1.0,5.352,13.258,5.0,12.0,Tree cover,-4.553,-4.772,1.0,-0.395,supported,Urban,MMR006002701
S1-0760,0.52,52,high,0.958,1.0,18.238,24.06,11.0,47.0,Tree cover,-2.418,-1.967,1.0,-0.268,supported,Taw Kye,MMR006002033
S1-0952,0.52,52,low,0.95,0.99,29.426,36.572,46.0,96.0,Tree cover,-0.391,-2.321,1.0,-0.13,not seen,Kyauk Twin,MMR006002037
S1-0734,0.52,52,medium,0.946,0.98,16.701,28.374,209.0,235.0,Tree cover,-5.007,-7.041,0.0,,cloud,Taw Kye,MMR006002033
S1-0757,0.52,52,high,0.961,1.0,25.889,30.573,323.0,370.0,Tree cover,-3.105,-2.097,0.0,,cloud,Taw Kye,MMR006002033
S1-0759,0.52,52,low,0.953,0.99,17.557,27.794,342.0,371.0,Tree cover,-1.815,-1.279,1.0,-0.019,not seen,Kyauk Twin,MMR006002037
S1-0081,0.52,52,medium,0.956,1.0,6.402,12.016,10.0,23.0,Tree cover,-2.372,-1.389,0.0,,cloud,Ka Myaw Kin,MMR006002031
S1-0180,0.52,52,medium,0.951,0.99,32.484,36.755,164.0,236.0,Tree cover,-2.921,-2.022,0.0,,cloud,Tha Byar,MMR006002004
S1-0822,0.52,52,medium,0.947,0.98,15.326,21.987,198.0,220.0,Tree cover,-1.835,-1.053,0.0,,cloud,Tha Kyet Taw,MMR006002032
S1-0654,0.52,52,medium,0.955,0.99,30.72,32.978,71.0,136.0,Tree cover,-2.18,-2.577,0.0,,cloud,Ka Det Gyi (Khun Hnit Thein),MMR006002017
S1-0863,0.51,51,high,0.977,1.0,24.534,27.84,265.0,288.0,Tree cover,-4.022,-3.979,0.0,,cloud,Tha Kyet Taw,MMR006002032
S1-0705,0.51,51,medium,0.934,0.98,19.639,35.0,269.0,299.0,Tree cover,0.078,-1.927,0.0,,cloud,Tha Pyay Shaung,MMR006002034
S1-0902,0.51,51,low,0.932,0.97,15.288,29.067,9.0,25.0,Tree cover,-1.951,-0.792,1.0,-0.046,not seen,Kyauk Twin,MMR006002037
S1-0879,0.51,51,medium,0.952,0.99,23.528,29.648,126.0,163.0,Tree cover,-2.808,-1.139,0.0,,cloud,Tha Kyet Taw,MMR006002032
S1-0268,0.51,51,high,0.965,1.0,4.511,14.075,4.0,9.0,Tree cover,-0.23,-4.147,1.0,-0.419,supported,Tha Byar,MMR006002004
S1-0467,0.51,51,high,0.966,1.0,29.745,32.387,202.0,267.0,Tree cover,-2.441,-2.295,0.745,-0.325,supported,Auk Yae Hpyu,MMR006002015
S1-0857,0.51,51,high,0.972,1.0,31.637,36.8,154.0,209.0,Tree cover,-3.963,-2.948,0.0,,cloud,Tha Kyet Taw,MMR006002032
S1-0896,0.51,51,high,0.961,0.99,17.604,31.146,40.0,70.0,Tree cover,-1.633,-1.857,1.0,-0.153,supported,Kyauk Twin,MMR006002037
S1-0688,0.51,51,high,0.973,1.0,34.246,41.977,295.0,360.0,Tree cover,-3.764,-2.367,0.0,,cloud,Tha Pyay Shaung,MMR006002034
S1-0732,0.51,51,high,0.948,0.99,13.408,24.16,27.0,49.0,Tree cover,-1.755,-2.157,1.0,-0.317,supported,Taw Kye,MMR006002033
S1-0745,0.51,51,high,0.958,1.0,15.286,24.466,43.0,91.0,Tree cover,-1.762,-2.408,1.0,-0.336,supported,Taw Kye,MMR006002033
S1-0027,0.5,50,medium,0.936,0.97,17.915,27.945,152.0,185.0,Tree cover,-2.067,-0.081,0.0,,cloud,Pan Det Inn,MMR006002023
S1-0161,0.5,50,high,0.969,1.0,25.014,28.565,177.0,209.0,Tree cover,-2.003,-3.225,0.0,,cloud,Kyauk Sin,MMR006002022
S1-0391,0.5,50,high,0.961,1.0,6.331,15.186,6.0,13.0,Tree cover,-0.5,-1.902,0.0,,cloud,Nyin Maw,MMR006002011
S1-0152,0.5,50,high,0.95,0.99,15.974,34.995,31.0,57.0,Tree cover,-2.552,-3.0,1.0,-0.311,supported,Kyauk Sin,MMR006002022
S1-0202,0.5,50,high,0.963,1.0,29.543,43.594,244.0,310.0,Tree cover,-2.857,-2.112,0.0,,cloud,Tha Byar,MMR006002004
S1-0606,0.5,50,high,0.966,1.0,14.675,21.375,112.0,145.0,Tree cover,-3.272,-4.24,0.0,,cloud,Ka Det Gyi (Khun Hnit Thein),MMR006002017
S1-0321,0.49,49,medium,0.939,0.99,19.181,29.952,50.0,86.0,Tree cover,-1.682,-1.423,0.0,,cloud,Tha Byar,MMR006002004
S1-0424,0.49,49,high,0.976,1.0,27.577,38.053,202.0,232.0,Tree cover,-6.659,-4.63,0.0,,cloud,Lay Thun Khan,MMR006002009
S1-0409,0.49,49,high,0.965,1.0,31.678,38.954,93.0,149.0,Tree cover,-2.266,-2.815,0.0,,cloud,Lay Thun Khan,MMR006002009
S1-0677,0.49,49,high,0.965,1.0,9.848,17.042,50.0,68.0,Tree cover,-1.879,-3.575,0.0,,cloud,Tha Pyay Shaung,MMR006002034
S1-0033,0.49,49,medium,0.949,1.0,17.473,25.775,115.0,150.0,Tree cover,-2.718,-1.988,0.0,,cloud,Pan Det Inn,MMR006002023
S1-0975,0.49,49,high,0.967,1.0,17.303,24.484,150.0,186.0,Tree cover,-6.55,-4.561,0.061,-0.382,cloud,Kyauk Ni Maw,MMR006002040
S1-0955,0.49,49,medium,0.952,0.99,9.12,15.649,21.0,31.0,Tree cover,-1.831,-1.795,0.0,,cloud,Kyauk Twin,MMR006002037
S1-0736,0.49,49,high,0.948,0.99,18.805,27.539,52.0,91.0,Tree cover,-2.061,-0.66,1.0,-0.155,supported,Taw Kye,MMR006002033
S1-0887,0.49,49,medium,0.951,0.99,20.8,29.699,112.0,157.0,Tree cover,-1.073,-2.504,0.0,,cloud,Kyauk Twin,MMR006002037
S1-0272,0.49,49,high,0.964,1.0,21.453,31.335,281.0,334.0,Tree cover,-2.608,-2.982,0.0,,cloud,Tha Byar,MMR006002004
S1-0245,0.49,49,low,0.95,0.99,24.99,31.379,60.0,123.0,Tree cover,-2.028,-1.664,1.0,-0.109,not seen,Pa Nyit,MMR006002014
S1-0212,0.49,49,medium,0.95,0.99,19.119,24.688,261.0,299.0,Tree cover,-1.781,-3.081,0.0,,cloud,Tha Byar,MMR006002004
S1-0605,0.49,49,high,0.96,1.0,23.278,40.584,276.0,329.0,Tree cover,-1.313,-2.367,0.0,,cloud,Ti Zit,MMR006002012
S1-0221,0.49,49,low,0.951,1.0,9.122,20.601,7.0,27.0,Tree cover,-1.041,-2.768,1.0,-0.124,not seen,Pa Nyit,MMR006002014
S1-1016,0.49,49,low,0.948,0.98,12.86,24.094,37.0,63.0,Tree cover,-0.975,-1.296,1.0,-0.047,not seen,Kyauk Wut Pyin,MMR006002039
S1-0545,0.48,48,high,0.967,1.0,31.371,37.039,215.0,268.0,Tree cover,-2.552,-2.166,0.562,-0.23,supported,Ti Zit,MMR006002012
S1-0171,0.48,48,high,0.981,1.0,38.871,46.176,323.0,379.0,Tree cover,-4.13,-2.284,0.0,,cloud,Kyauk Sin,MMR006002022
S1-0897,0.48,48,medium,0.96,0.99,9.563,17.54,29.0,38.0,Tree cover,-1.577,-0.459,0.0,,cloud,Tha Kyet Taw,MMR006002032
S1-0373,0.48,48,low,0.963,1.0,19.086,27.668,21.0,51.0,Tree cover,-1.642,-1.473,1.0,-0.072,not seen,Pyin Htein,MMR006002001
S1-0444,0.48,48,high,0.97,1.0,24.993,32.823,220.0,268.0,Tree cover,-2.434,-2.838,0.0,,cloud,Auk Yae Hpyu,MMR006002015
S1-0612,0.48,48,medium,0.948,0.99,35.017,35.894,153.0,200.0,Tree cover,-1.23,-2.45,0.0,,cloud,Ka Det Gyi (Khun Hnit Thein),MMR006002017
S1-0348,0.47,47,low,0.948,0.99,18.574,27.544,27.0,61.0,Tree cover,-1.509,-2.318,1.0,-0.063,not seen,San Hlan,MMR006002013
S1-1035,0.47,47,high,0.951,1.0,12.987,19.626,53.0,71.0,Tree cover,-2.979,-2.419,1.0,-0.33,supported,Auk Kyauk Wut,MMR006002041
S1-0517,0.47,47,high,0.975,1.0,30.843,41.911,45.0,102.0,Tree cover,-3.883,-2.792,0.0,,cloud,Auk Yae Hpyu,MMR006002015
S1-0886,0.47,47,medium,0.931,0.98,10.755,20.667,15.0,28.0,Tree cover,-1.794,-1.334,0.383,-0.03,cloud,Kyauk Twin,MMR006002037
S1-0637,0.47,47,high,0.935,0.98,29.802,40.615,293.0,348.0,Tree cover,-1.23,-2.129,1.0,-0.191,supported,Tha Pyay Shaung,MMR006002034
S1-0658,0.47,47,high,0.972,1.0,21.897,35.158,407.0,441.0,Tree cover,-2.992,-3.507,0.0,,cloud,Tha Pyay Shaung,MMR006002034
S1-0366,0.47,47,medium,0.948,0.99,20.934,29.725,42.0,94.0,Tree cover,-2.539,-1.72,0.021,-0.017,cloud,Nyin Maw,MMR006002011
S1-0991,0.47,47,high,0.961,0.99,19.702,32.209,38.0,68.0,Tree cover,-3.052,-2.515,0.0,,cloud,Kyauk Ni Maw,MMR006002040
S1-0984,0.47,47,high,0.953,0.99,14.557,28.182,18.0,40.0,Tree cover,-2.215,-2.204,1.0,-0.303,supported,Za Lut,MMR006002036
S1-1004,0.47,47,low,0.949,1.0,15.608,28.977,26.0,44.0,Tree cover,-1.513,-2.174,1.0,-0.026,not seen,Kyauk Ni Maw,MMR006002040
S1-0626,0.46,46,high,0.963,1.0,27.462,35.287,300.0,336.0,Tree cover,-3.403,-1.571,1.0,-0.341,supported,Ti Zit,MMR006002012
S1-0254,0.46,46,high,0.97,1.0,25.7,33.069,207.0,262.0,Tree cover,-2.911,-2.281,0.0,,cloud,Pa Nyit,MMR006002014
S1-0236,0.46,46,low,0.945,0.99,19.963,29.582,104.0,137.0,Tree cover,-1.149,-1.652,1.0,-0.067,not seen,Pa Nyit,MMR006002014
S1-0018,0.46,46,medium,0.944,0.99,24.431,29.585,55.0,96.0,Tree cover,-2.669,-1.922,0.0,,cloud,Pan Det Inn,MMR006002023
S1-0214,0.46,46,medium,0.952,0.99,21.894,30.393,302.0,345.0,Tree cover,-1.269,-1.297,0.0,,cloud,Tha Byar,MMR006002004
S1-0977,0.46,46,high,0.966,0.99,17.765,27.467,11.0,35.0,Tree cover,-2.993,-1.839,0.0,,cloud,Kyauk Ni Maw,MMR006002040
S1-0132,0.46,46,low,0.941,0.98,12.283,23.499,38.0,54.0,Tree cover,-1.671,-1.026,1.0,-0.137,not seen,Kyauk Sin,MMR006002022
S1-0482,0.46,46,low,0.939,0.99,8.524,15.373,9.0,21.0,Tree cover,-0.869,-1.796,1.0,-0.023,not seen,Auk Yae Hpyu,MMR006002015
S1-0458,0.46,46,high,0.966,1.0,22.139,31.825,34.0,71.0,Tree cover,-2.097,-2.423,1.0,-0.247,supported,Auk Yae Hpyu,MMR006002015
S1-0441,0.45,45,medium,0.948,0.99,14.278,19.152,31.0,61.0,Tree cover,-1.297,-1.739,0.0,,cloud,Auk Yae Hpyu,MMR006002015
S1-0377,0.45,45,low,0.95,0.99,11.463,21.718,24.0,42.0,Tree cover,-2.41,-1.193,1.0,-0.032,not seen,Sit Pyea,MMR006002010
S1-0425,0.45,45,high,0.952,1.0,16.532,26.745,26.0,61.0,Tree cover,-2.181,-2.195,0.933,-0.231,supported,Lay Thun Khan,MMR006002009
S1-1053,0.45,45,low,0.952,0.99,17.1,22.942,15.0,45.0,Tree cover,-1.479,-1.7,1.0,-0.143,not seen,Auk Kyauk Wut,MMR006002041
S1-0570,0.45,45,high,0.975,1.0,38.918,45.826,222.0,289.0,Tree cover,-4.953,-4.534,0.0,,cloud,Ka Det Gyi (Khun Hnit Thein),MMR006002017
S1-0820,0.45,45,medium,0.946,0.99,26.792,31.798,265.0,332.0,Tree cover,-3.299,-2.484,0.0,,cloud,Tha Kyet Taw,MMR006002032
S1-0150,0.45,45,low,0.942,0.98,24.569,30.886,233.0,283.0,Tree cover,-1.765,-0.741,1.0,-0.047,not seen,Kyauk Sin,MMR006002022
S1-0430,0.45,45,high,0.965,1.0,22.505,29.148,153.0,181.0,Tree cover,-2.003,-3.361,0.0,,cloud,Lay Thun Khan,MMR006002009
S1-0890,0.45,45,low,0.941,0.98,11.513,17.912,6.0,27.0,Tree cover,-1.452,-2.894,1.0,0.015,not seen,Kyauk Twin,MMR006002037
S1-0288,0.45,45,high,0.96,1.0,22.206,34.766,156.0,197.0,Tree cover,-2.74,-1.811,0.0,,cloud,Tha Byar,MMR006002004
S1-0436,0.45,45,medium,0.943,0.99,16.458,30.944,22.0,69.0,Tree cover,-2.619,-1.924,0.0,,cloud,Auk Yae Hpyu,MMR006002015
S1-1066,0.45,45,medium,0.95,0.99,22.572,31.725,72.0,102.0,Tree cover,-3.082,-1.313,0.0,,cloud,Kyauk Mat Tat,MMR006002038
S1-0582,0.45,45,medium,0.956,1.0,22.411,30.571,344.0,374.0,Tree cover,-2.016,-1.246,0.0,,cloud,Ka Det Gyi (Khun Hnit Thein),MMR006002017
S1-0065,0.44,44,medium,0.954,0.99,25.066,30.121,165.0,214.0,Tree cover,-1.969,-1.019,0.0,,cloud,Maung Ma Kan,MMR006002020
S1-0224,0.44,44,high,0.972,1.0,28.903,33.517,185.0,226.0,Tree cover,-3.938,-3.118,0.0,,cloud,Pa Nyit,MMR006002014
S1-1047,0.44,44,low,0.949,0.99,17.556,33.568,3.0,25.0,Tree cover,-2.423,-1.998,1.0,-0.088,not seen,Auk Kyauk Wut,MMR006002041
S1-0365,0.44,44,medium,0.957,1.0,21.69,28.183,102.0,126.0,Tree cover,-3.138,-3.571,0.0,,cloud,Nyin Maw,MMR006002011
S1-0017,0.44,44,high,0.961,1.0,21.792,31.805,92.0,121.0,Tree cover,-2.913,-1.018,0.0,,cloud,Pan Det Inn,MMR006002023
S1-0417,0.44,44,medium,0.948,1.0,29.063,34.547,153.0,222.0,Tree cover,-2.903,-1.819,0.0,,cloud,Lay Thun Khan,MMR006002009
S1-0284,0.44,44,medium,0.955,1.0,35.647,45.085,197.0,315.0,Tree cover,-3.231,-3.604,0.0,,cloud,Tha Byar,MMR006002004
S1-0846,0.44,44,medium,0.952,0.99,26.908,32.726,33.0,98.0,Tree cover,-2.114,-3.218,0.455,-0.436,cloud,Tha Kyet Taw,MMR006002032
S1-1065,0.44,44,medium,0.935,0.98,19.369,25.883,190.0,217.0,Tree cover,-1.972,-2.297,0.023,-0.163,cloud,Kyauk Mat Tat,MMR006002038
S1-0181,0.44,44,medium,0.951,0.99,28.344,38.618,264.0,287.0,Tree cover,-1.965,-2.25,0.0,,cloud,Kyauk Sin,MMR006002022
S1-0397,0.43,43,high,0.94,0.98,8.116,17.022,59.0,67.0,Tree cover,-3.87,-4.502,0.651,-0.68,supported,Nyin Maw,MMR006002011
S1-0709,0.43,43,medium,0.958,0.99,30.417,36.896,202.0,251.0,Tree cover,-1.655,-1.938,0.0,,cloud,Tha Pyay Shaung,MMR006002034
S1-0039,0.43,43,medium,0.935,0.98,9.083,14.111,48.0,58.0,Tree cover,-1.885,-1.576,0.0,,cloud,Pan Det Inn,MMR006002023
S1-0892,0.43,43,medium,0.931,0.97,11.286,19.974,25.0,35.0,Tree cover,-1.164,-0.871,0.0,,cloud,Tha Kyet Taw,MMR006002032
S1-0849,0.43,43,high,0.974,1.0,15.345,20.788,90.0,106.0,Tree cover,-3.069,-3.875,0.0,,cloud,Tha Kyet Taw,MMR006002032
S1-0263,0.43,43,medium,0.945,1.0,8.738,15.486,105.0,114.0,Tree cover,-0.861,-2.674,0.0,,cloud,Tha Byar,MMR006002004
S1-0498,0.43,43,high,0.933,0.97,18.439,24.896,237.0,274.0,Tree cover,-1.515,-1.122,1.0,-0.156,supported,Ti Zit,MMR006002012
S1-0074,0.43,43,medium,0.933,0.98,6.183,14.045,12.0,17.0,Tree cover,-1.624,-1.453,0.0,,cloud,Kha Maung Taung,MMR006002028
S1-0289,0.43,43,medium,0.953,1.0,24.105,29.901,149.0,181.0,Tree cover,-3.034,-1.788,0.0,,cloud,Tha Byar,MMR006002004
S1-0867,0.43,43,medium,0.941,0.98,21.262,25.635,99.0,132.0,Tree cover,-1.854,-0.833,0.0,,cloud,Tha Kyet Taw,MMR006002032
S1-0223,0.42,42,high,0.958,0.99,21.34,30.364,40.0,87.0,Tree cover,-1.848,-5.499,0.5,-0.682,supported,Tha Byar,MMR006002004
S1-0087,0.42,42,medium,0.936,0.98,13.182,19.098,40.0,71.0,Tree cover,-1.048,-0.669,0.0,,cloud,Kyauk Sin,MMR006002022
S1-0505,0.42,42,high,0.971,1.0,20.894,32.586,230.0,254.0,Tree cover,-3.053,-2.391,1.0,-0.427,supported,Ti Zit,MMR006002012
S1-0088,0.42,42,medium,0.955,0.99,17.053,22.334,7.0,20.0,Tree cover,-1.711,-1.198,0.0,,cloud,Ka Myaw Kin,MMR006002031
S1-1002,0.42,42,low,0.944,0.99,17.204,24.031,28.0,55.0,Tree cover,-2.177,-1.835,1.0,-0.028,not seen,Kyauk Wut Pyin,MMR006002039
S1-0319,0.42,42,high,0.928,0.98,20.753,30.136,109.0,159.0,Tree cover,-1.764,-0.162,1.0,-0.238,supported,Pa Nyit,MMR006002014
S1-0767,0.42,42,medium,0.938,0.97,13.793,25.202,200.0,225.0,Tree cover,-2.477,-1.816,0.0,,cloud,Taw Kye,MMR006002033
S1-0727,0.42,42,medium,0.946,0.99,10.433,15.024,242.0,259.0,Tree cover,-2.332,-2.476,0.0,,cloud,Taw Kye,MMR006002033
S1-1024,0.41,41,high,0.954,0.99,23.738,30.071,30.0,66.0,Tree cover,-3.292,-1.713,1.0,-0.226,supported,Auk Kyauk Wut,MMR006002041
S1-0492,0.41,41,medium,0.949,0.99,7.269,17.211,148.0,160.0,Tree cover,-1.32,-0.634,0.0,,cloud,Ti Zit,MMR006002012
S1-0939,0.41,41,low,0.942,0.99,27.883,31.296,70.0,116.0,Tree cover,-1.503,-2.127,1.0,-0.034,not seen,Kyauk Twin,MMR006002037
S1-0426,0.41,41,medium,0.943,0.99,8.453,14.221,47.0,63.0,Tree cover,-1.498,-1.558,0.488,-0.404,cloud,Lay Thun Khan,MMR006002009
S1-0985,0.41,41,low,0.98,1.0,40.905,45.805,135.0,189.0,Tree cover,-2.02,-3.291,1.0,0.024,not seen,Kyauk Ni Maw,MMR006002040
S1-0276,0.41,41,high,0.951,0.99,9.356,19.235,5.0,20.0,Tree cover,-2.65,-0.911,0.902,-0.3,supported,Tha Byar,MMR006002004
S1-0594,0.41,41,high,0.979,1.0,26.309,35.648,197.0,230.0,Tree cover,-4.204,-1.289,0.0,,cloud,Ka Det Gyi (Khun Hnit Thein),MMR006002017
S1-0211,0.41,41,medium,0.933,0.99,26.115,34.072,296.0,344.0,Tree cover,-1.373,0.249,0.0,,cloud,Pa Nyit,MMR006002014
S1-0579,0.41,41,high,0.969,1.0,34.492,36.482,79.0,142.0,Tree cover,-3.42,-3.406,0.0,,cloud,Ka Det Gyi (Khun Hnit Thein),MMR006002017
S1-0230,0.41,41,high,0.961,1.0,17.286,28.919,44.0,68.0,Tree cover,-2.245,-2.127,0.0,,cloud,Tha Byar,MMR006002004
S1-0794,0.4,40,medium,0.934,0.97,18.259,28.444,382.0,416.0,Tree cover,-2.909,-1.501,0.0,,cloud,Tha Kyet Taw,MMR006002032
S1-0595,0.4,40,high,0.964,1.0,32.318,40.434,398.0,448.0,Tree cover,-1.605,-2.26,0.0,,cloud,Ka Det Gyi (Khun Hnit Thein),MMR006002017
S1-0531,0.4,40,high,0.963,1.0,19.416,27.326,172.0,194.0,Tree cover,-2.801,-2.774,0.0,,cloud,Ti Zit,MMR006002012
S1-0885,0.4,40,high,0.965,1.0,8.407,17.367,16.0,22.0,Tree cover,-0.862,-0.373,0.0,,cloud,Tha Kyet Taw,MMR006002032
S1-0294,0.4,40,low,0.946,0.99,6.617,12.771,13.0,24.0,Tree cover,-2.559,-1.946,1.0,-0.065,not seen,Tha Byar,MMR006002004
S1-0005,0.4,40,medium,0.946,0.98,12.757,18.779,53.0,74.0,Tree cover,-1.505,-2.223,0.0,,cloud,Pan Det Inn,MMR006002023
S1-0509,0.4,40,high,0.968,1.0,27.055,33.05,40.0,77.0,Tree cover,-2.012,-2.295,0.8,-0.283,supported,Ka Det Gyi (Khun Hnit Thein),MMR006002017
S1-0937,0.4,40,high,0.957,1.0,11.508,21.549,22.0,42.0,Tree cover,-2.203,-2.69,1.0,-0.375,supported,Kyauk Twin,MMR006002037
S1-0864,0.4,40,medium,0.927,0.98,20.606,26.913,39.0,104.0,Tree cover,-2.126,-2.015,0.25,-0.225,cloud,Tha Kyet Taw,MMR006002032
S1-0972,0.39,39,high,0.958,0.99,28.126,34.271,190.0,232.0,Tree cover,-5.357,-3.483,1.0,-0.421,supported,Za Lut,MMR006002036
S1-0008,0.39,39,medium,0.937,0.97,5.993,13.441,54.0,63.0,Tree cover,-1.579,-0.434,0.0,,cloud,Pan Det Inn,MMR006002023
S1-0137,0.39,39,high,0.957,1.0,23.68,37.895,77.0,116.0,Tree cover,-1.929,-2.386,1.0,-0.357,supported,Kyauk Sin,MMR006002022
S1-0075,0.39,39,medium,0.947,0.99,8.472,13.135,12.0,21.0,Tree cover,-3.15,-1.84,0.0,,cloud,Kha Maung Taung,MMR006002028
S1-0073,0.39,39,medium,0.939,0.98,7.913,14.532,11.0,20.0,Tree cover,-2.773,-1.319,0.0,,cloud,Sa Khan Gyi,MMR006002029
S1-0703,0.39,39,high,0.954,0.98,7.292,12.703,4.0,10.0,Tree cover,-1.272,-2.932,1.0,-0.269,supported,Tha Pyay Shaung,MMR006002034
S1-0564,0.39,39,high,0.97,1.0,22.127,28.717,231.0,281.0,Tree cover,-4.732,-3.559,0.0,,cloud,Ka Det Gyi (Khun Hnit Thein),MMR006002017
S1-0333,0.39,39,high,0.959,0.99,15.226,21.589,33.0,50.0,Tree cover,-2.624,-3.107,1.0,-0.284,supported,Pa Nyit,MMR006002014
S1-0239,0.39,39,high,0.97,1.0,20.584,32.565,301.0,325.0,Tree cover,-3.138,-3.094,0.0,,cloud,Tha Byar,MMR006002004
S1-0538,0.39,39,high,0.965,1.0,25.229,32.521,86.0,138.0,Tree cover,-3.096,-2.47,0.0,,cloud,Auk Yae Hpyu,MMR006002015
S1-0379,0.39,39,high,0.96,1.0,12.239,21.992,28.0,45.0,Tree cover,-2.796,-2.284,0.615,-0.5,supported,Nyin Maw,MMR006002011
S1-0151,0.39,39,medium,0.959,0.99,24.662,35.334,76.0,117.0,Tree cover,-2.189,-1.037,0.077,-0.098,cloud,Kyauk Sin,MMR006002022
S1-0385,0.39,39,high,0.969,1.0,21.522,34.651,39.0,58.0,Tree cover,-2.308,-1.958,0.0,,cloud,Nyin Maw,MMR006002011
S1-0788,0.39,39,high,0.958,0.99,22.813,32.506,201.0,239.0,Tree cover,-2.727,-1.38,1.0,-0.204,supported,Taw Kye,MMR006002033
S1-0115,0.39,39,low,0.94,0.99,17.904,25.325,69.0,93.0,Tree cover,-1.598,-1.252,1.0,-0.028,not seen,Kyauk Sin,MMR006002022
S1-0880,0.38,38,high,0.952,0.99,11.01,14.72,24.0,34.0,Tree cover,-2.601,-2.13,1.0,-0.182,supported,Kyauk Twin,MMR006002037
S1-0108,0.38,38,low,0.923,0.95,7.877,14.872,21.0,28.0,Tree cover,-1.966,-1.64,1.0,-0.039,not seen,Kyauk Sin,MMR006002022
S1-0215,0.38,38,medium,0.936,0.97,13.737,19.104,27.0,40.0,Tree cover,-1.493,-1.752,0.0,,cloud,Tha Byar,MMR006002004
S1-0813,0.38,38,medium,0.945,1.0,28.606,34.899,111.0,186.0,Tree cover,-2.948,-2.797,0.0,,cloud,Tha Kyet Taw,MMR006002032
S1-0226,0.38,38,medium,0.942,0.97,25.597,31.472,41.0,85.0,Tree cover,-0.85,-1.909,0.0,,cloud,Tha Byar,MMR006002004
S1-0021,0.38,38,medium,0.922,0.96,12.034,20.45,60.0,70.0,Tree cover,-1.569,-1.942,0.0,,cloud,Pan Det Inn,MMR006002023
S1-0082,0.38,38,high,0.97,1.0,5.004,12.853,0.0,3.0,Tree cover,-0.35,-2.679,0.0,,cloud,Ka Myaw Kin,MMR006002031
S1-0523,0.38,38,medium,0.949,0.99,16.718,26.566,17.0,40.0,Tree cover,-2.024,-2.448,0.0,,cloud,Auk Yae Hpyu,MMR006002015
S1-0792,0.38,38,medium,0.938,0.98,13.942,27.103,219.0,247.0,Tree cover,-0.421,-2.03,0.342,-0.152,cloud,Taw Kye,MMR006002033
S1-0242,0.38,38,low,0.931,0.97,18.816,31.664,17.0,55.0,Tree cover,-0.294,-0.809,1.0,-0.089,not seen,Pa Nyit,MMR006002014
S1-0293,0.38,38,medium,0.939,0.99,19.498,28.797,129.0,157.0,Tree cover,-3.023,-2.338,0.289,-0.372,cloud,Tha Byar,MMR006002004
S1-0371,0.38,38,low,0.942,0.99,19.113,29.183,14.0,46.0,Tree cover,-2.074,-2.648,0.737,-0.139,not seen,Pyin Htein,MMR006002001
S1-0752,0.38,38,high,0.969,1.0,24.334,29.579,347.0,377.0,Tree cover,-2.35,-2.576,0.0,,cloud,Taw Kye,MMR006002033
S1-0072,0.38,38,medium,0.942,0.99,4.666,13.635,23.0,28.0,Tree cover,-1.48,-1.743,0.0,,cloud,Sa Khan Gyi,MMR006002029
S1-0345,0.37,37,medium,0.952,0.99,23.753,33.515,60.0,95.0,Tree cover,-1.763,-0.624,0.0,,cloud,Tha Byar,MMR006002004
S1-0384,0.37,37,medium,0.939,0.98,6.359,12.189,17.0,26.0,Tree cover,-2.531,-2.463,0.0,,cloud,Nyin Maw,MMR006002011
S1-1048,0.37,37,low,0.944,0.98,23.458,38.916,0.0,23.0,Tree cover,-2.283,-0.748,0.757,0.092,not seen,Auk Kyauk Wut,MMR006002041
S1-1042,0.37,37,low,0.951,0.99,19.99,26.36,29.0,53.0,Tree cover,-0.697,-2.374,1.0,-0.04,not seen,Auk Kyauk Wut,MMR006002041
S1-0824,0.37,37,medium,0.946,0.98,13.592,24.153,218.0,236.0,Tree cover,-1.254,-2.025,0.0,,cloud,Tha Kyet Taw,MMR006002032
S1-0234,0.37,37,high,0.971,1.0,26.988,34.279,50.0,103.0,Tree cover,-3.6,-4.459,0.0,,cloud,Tha Byar,MMR006002004
S1-0949,0.37,37,low,0.961,1.0,31.42,36.534,141.0,181.0,Tree cover,-2.763,-2.296,0.703,-0.073,not seen,Kyauk Twin,MMR006002037
S1-0381,0.37,37,high,0.965,1.0,21.112,30.727,65.0,99.0,Tree cover,-4.099,-4.543,1.0,-0.551,supported,Nyin Maw,MMR006002011
S1-0814,0.37,37,high,0.969,1.0,24.284,33.648,306.0,342.0,Tree cover,-1.855,-2.612,0.0,,cloud,Tha Kyet Taw,MMR006002032
S1-0240,0.37,37,high,0.966,1.0,18.038,25.724,188.0,212.0,Tree cover,-2.649,-2.728,0.0,,cloud,Tha Byar,MMR006002004
S1-0911,0.37,37,medium,0.938,0.98,14.723,25.313,29.0,51.0,Tree cover,-3.22,-1.968,0.0,,cloud,Tha Kyet Taw,MMR006002032
S1-0522,0.37,37,high,0.961,1.0,23.705,32.911,60.0,97.0,Tree cover,-2.613,-2.845,1.0,-0.357,supported,Auk Yae Hpyu,MMR006002015
S1-0472,0.37,37,medium,0.949,1.0,18.718,29.52,208.0,238.0,Tree cover,-2.268,-2.671,0.0,,cloud,Auk Yae Hpyu,MMR006002015
S1-0630,0.37,37,high,0.951,0.99,29.071,35.823,163.0,222.0,Tree cover,-2.988,-3.079,1.0,-0.537,supported,Tha Pyay Shaung,MMR006002034
S1-0117,0.37,37,high,0.942,0.99,23.767,36.434,65.0,90.0,Tree cover,-1.207,-1.901,1.0,-0.195,supported,Kyauk Sin,MMR006002022
S1-0936,0.37,37,high,0.967,1.0,30.237,35.182,56.0,106.0,Tree cover,-2.37,-2.519,1.0,-0.169,supported,Kyauk Twin,MMR006002037
S1-0332,0.36,36,medium,0.95,0.99,16.0,24.596,34.0,53.0,Tree cover,-2.993,-0.843,0.0,,cloud,Tha Byar,MMR006002004
S1-0572,0.36,36,medium,0.942,0.98,10.323,14.199,32.0,49.0,Tree cover,-4.187,-5.405,0.0,,cloud,Ka Det Gyi (Khun Hnit Thein),MMR006002017
S1-0724,0.36,36,high,0.961,1.0,14.295,26.225,231.0,244.0,Tree cover,-3.566,-1.387,1.0,-0.58,supported,Taw Kye,MMR006002033
S1-0830,0.36,36,medium,0.955,0.99,9.999,17.035,46.0,57.0,Tree cover,-0.522,-2.279,0.0,,cloud,Tha Kyet Taw,MMR006002032
S1-0413,0.36,36,medium,0.933,0.97,7.432,14.516,8.0,13.0,Tree cover,-1.328,-1.293,0.0,,cloud,Lay Thun Khan,MMR006002009
S1-0120,0.36,36,low,0.962,1.0,30.812,34.835,160.0,206.0,Tree cover,-2.303,-3.016,1.0,-0.105,not seen,Kyauk Sin,MMR006002022
S1-0858,0.36,36,low,0.943,0.98,16.405,21.318,78.0,104.0,Tree cover,-2.93,-0.929,0.556,-0.088,not seen,Tha Kyet Taw,MMR006002032
S1-0102,0.36,36,medium,0.944,0.98,24.013,30.373,222.0,256.0,Tree cover,-1.351,0.076,0.0,,cloud,Kyauk Sin,MMR006002022
S1-0960,0.36,36,medium,0.937,0.98,28.695,33.706,187.0,232.0,Tree cover,-4.835,-5.842,0.0,,cloud,Za Lut,MMR006002036
S1-0061,0.36,36,medium,0.933,0.97,17.411,24.216,159.0,181.0,Tree cover,-2.807,-0.878,0.0,,cloud,Maung Ma Kan,MMR006002020
S1-0661,0.36,36,high,0.961,1.0,10.377,20.173,71.0,89.0,Tree cover,-3.573,-3.681,0.0,,cloud,Tha Pyay Shaung,MMR006002034
S1-0735,0.36,36,low,0.94,0.98,18.945,25.825,35.0,61.0,Tree cover,-2.554,-1.889,1.0,-0.016,not seen,Taw Kye,MMR006002033
S1-0895,0.36,36,low,0.965,1.0,16.145,21.904,26.0,49.0,Tree cover,-2.371,-2.518,1.0,-0.103,not seen,Kyauk Twin,MMR006002037
S1-0747,0.36,36,high,0.963,0.99,30.444,34.687,215.0,290.0,Tree cover,-2.906,-2.353,0.0,,cloud,Taw Kye,MMR006002033
S1-0665,0.36,36,high,0.963,1.0,30.167,36.782,452.0,500.0,Tree cover,-2.667,-2.677,0.0,,cloud,Tha Pyay Shaung,MMR006002034
S1-0382,0.36,36,high,0.962,1.0,18.351,25.247,34.0,58.0,Tree cover,-3.067,-2.801,0.0,,cloud,Nyin Maw,MMR006002011
S1-0699,0.35,35,high,0.926,0.96,14.102,23.091,59.0,75.0,Tree cover,-7.987,-9.015,1.0,-0.763,supported,Taw Kye,MMR006002033
S1-0200,0.35,35,medium,0.959,0.99,15.1,26.414,226.0,239.0,Tree cover,-1.919,-1.861,0.0,,cloud,Tha Byar,MMR006002004
S1-0878,0.35,35,medium,0.945,0.99,18.045,24.607,68.0,87.0,Tree cover,-2.132,-2.303,0.0,,cloud,Tha Kyet Taw,MMR006002032
S1-0800,0.35,35,medium,0.951,0.98,28.153,35.299,190.0,250.0,Tree cover,-1.56,-2.061,0.0,,cloud,Tha Kyet Taw,MMR006002032
S1-0291,0.35,35,medium,0.942,0.98,16.206,37.57,211.0,240.0,Tree cover,-0.548,-2.355,0.0,,cloud,Tha Byar,MMR006002004
S1-0882,0.35,35,medium,0.937,0.97,23.089,32.184,179.0,212.0,Tree cover,-1.788,-1.886,0.0,,cloud,Tha Kyet Taw,MMR006002032
S1-0893,0.35,35,high,0.957,0.99,23.869,31.236,69.0,104.0,Tree cover,-2.087,-2.511,1.0,-0.186,supported,Kyauk Twin,MMR006002037
S1-0055,0.35,35,medium,0.952,0.99,5.008,12.944,5.0,9.0,Tree cover,-0.138,-0.735,0.0,,cloud,Sa Khan Gyi,MMR006002029
S1-0396,0.35,35,high,0.966,1.0,12.8,14.58,89.0,106.0,Tree cover,-4.598,-3.655,0.314,-0.547,cloud,Nyin Maw,MMR006002011
S1-0740,0.35,35,high,0.956,0.99,28.645,32.225,132.0,189.0,Tree cover,-2.141,-2.499,1.0,-0.515,supported,Taw Kye,MMR006002033
S1-0680,0.35,35,high,0.965,0.99,13.126,19.292,27.0,43.0,Tree cover,-3.278,-2.046,0.0,,cloud,Tha Pyay Shaung,MMR006002034
S1-0036,0.35,35,medium,0.953,0.99,8.538,17.23,119.0,129.0,Tree cover,-2.716,-2.739,0.0,,cloud,Pan Det Inn,MMR006002023
S1-0713,0.35,35,high,0.963,1.0,25.365,28.192,235.0,267.0,Tree cover,-2.236,-3.139,0.0,,cloud,Tha Pyay Shaung,MMR006002034
S1-0025,0.35,35,medium,0.947,0.99,9.245,16.714,32.0,43.0,Tree cover,0.385,-2.132,0.0,,cloud,Pan Det Inn,MMR006002023
S1-0009,0.34,34,medium,0.959,0.99,6.625,12.212,5.0,13.0,Tree cover,-2.833,-3.089,0.0,,cloud,Pan Det Inn,MMR006002023
S1-0674,0.34,34,medium,0.93,0.97,13.526,23.224,51.0,68.0,Tree cover,-1.946,-1.114,0.0,,cloud,Tha Pyay Shaung,MMR006002034
S1-0690,0.34,34,medium,0.941,0.97,18.774,28.395,262.0,300.0,Tree cover,-2.233,-2.286,0.0,,cloud,Tha Pyay Shaung,MMR006002034
S1-0987,0.34,34,low,0.956,0.99,13.355,22.438,4.0,19.0,Tree cover,-1.225,-3.127,1.0,-0.068,not seen,Za Lut,MMR006002036
S1-1005,0.34,34,high,0.974,1.0,20.64,25.622,60.0,83.0,Tree cover,-3.274,-2.643,1.0,-0.349,supported,Kyauk Ni Maw,MMR006002040
S1-0502,0.34,34,high,0.971,1.0,25.041,29.867,90.0,121.0,Tree cover,-3.633,-3.323,1.0,-0.469,supported,Auk Yae Hpyu,MMR006002015
S1-0873,0.34,34,high,0.972,1.0,22.407,32.425,111.0,139.0,Tree cover,-1.502,-3.866,0.0,,cloud,Tha Kyet Taw,MMR006002032
S1-0484,0.34,34,medium,0.956,1.0,16.449,29.948,244.0,265.0,Tree cover,-1.637,-1.703,0.382,-0.219,cloud,Ti Zit,MMR006002012
S1-0474,0.34,34,high,0.978,1.0,31.384,33.936,289.0,327.0,Tree cover,-6.013,-3.945,0.0,,cloud,Ti Zit,MMR006002012
S1-0933,0.34,34,medium,0.949,0.99,31.445,40.594,145.0,214.0,Tree cover,-2.323,-2.404,0.0,,cloud,Tha Kyet Taw,MMR006002032
S1-0406,0.34,34,medium,0.945,0.98,27.452,30.11,69.0,105.0,Tree cover,-0.836,-3.878,0.0,,cloud,Lay Thun Khan,MMR006002009
S1-0956,0.34,34,high,0.962,1.0,17.48,24.946,72.0,101.0,Tree cover,-2.099,-2.031,0.941,-0.352,supported,Za Lut,MMR006002036
S1-0066,0.34,34,medium,0.948,0.99,32.18,36.748,216.0,267.0,Tree cover,-2.452,-2.747,0.0,,cloud,Sa Khan Gyi,MMR006002029
S1-0787,0.34,34,low,0.955,0.99,10.818,15.844,13.0,26.0,Tree cover,-1.404,-2.61,1.0,-0.068,not seen,Taw Kye,MMR006002033
S1-0566,0.34,34,high,0.959,1.0,25.728,35.933,174.0,218.0,Tree cover,-3.282,-3.869,1.0,-0.557,supported,Ti Zit,MMR006002012
S1-0516,0.34,34,low,0.938,0.97,15.627,22.928,25.0,49.0,Tree cover,-0.162,-0.169,1.0,-0.119,not seen,Auk Yae Hpyu,MMR006002015
S1-0551,0.34,34,medium,0.949,0.99,21.451,28.349,149.0,190.0,Tree cover,-2.766,-1.976,0.0,,cloud,Auk Yae Hpyu,MMR006002015
S1-0313,0.33,33,low,0.958,0.99,20.057,27.949,122.0,156.0,Tree cover,0.422,-0.035,1.0,-0.129,not seen,Pa Nyit,MMR006002014
S1-0954,0.33,33,medium,0.955,0.99,27.322,40.061,175.0,218.0,Tree cover,-2.744,-2.837,0.0,,cloud,Za Lut,MMR006002036
S1-0462,0.33,33,high,0.919,0.94,31.858,38.664,109.0,184.0,Tree cover,-0.752,-1.038,1.0,-0.33,supported,Auk Yae Hpyu,MMR006002015
S1-0196,0.33,33,low,0.943,0.99,22.817,27.536,97.0,146.0,Tree cover,-0.887,-2.21,1.0,-0.051,not seen,Tha Byar,MMR006002004
S1-0037,0.33,33,medium,0.954,0.99,24.981,29.017,96.0,134.0,Tree cover,-2.671,-1.67,0.0,,cloud,Pan Det Inn,MMR006002023
S1-0006,0.33,33,medium,0.94,0.98,19.931,22.845,86.0,105.0,Tree cover,-1.753,-2.659,0.0,,cloud,Pan Det Inn,MMR006002023
S1-0142,0.33,33,low,0.933,0.99,31.786,35.968,205.0,255.0,Tree cover,-1.023,-2.266,1.0,-0.056,not seen,Kyauk Sin,MMR006002022
S1-0311,0.33,33,medium,0.945,0.98,8.885,15.358,234.0,240.0,Tree cover,-1.486,-1.031,0.394,-0.047,cloud,Tha Byar,MMR006002004
S1-0692,0.33,33,high,0.961,0.99,24.307,27.192,140.0,170.0,Tree cover,-3.966,-1.52,0.0,,cloud,Tha Pyay Shaung,MMR006002034
S1-0468,0.33,33,medium,0.95,0.98,24.894,28.928,306.0,333.0,Tree cover,-1.807,-1.856,0.0,,cloud,Ti Zit,MMR006002012
S1-0510,0.33,33,high,0.94,0.98,18.68,26.764,152.0,169.0,Tree cover,-1.766,-2.042,1.0,-0.257,supported,Ti Zit,MMR006002012
S1-0843,0.33,33,medium,0.941,0.99,21.994,30.091,402.0,433.0,Tree cover,-3.007,-1.438,0.0,,cloud,Tha Kyet Taw,MMR006002032
S1-0687,0.33,33,medium,0.954,0.99,7.127,14.239,86.0,91.0,Tree cover,-2.796,-2.378,0.0,,cloud,Tha Pyay Shaung,MMR006002034
S1-0645,0.33,33,medium,0.926,0.96,27.862,29.876,329.0,372.0,Tree cover,-1.985,-1.227,0.0,,cloud,Ka Det Gyi (Khun Hnit Thein),MMR006002017
S1-1064,0.33,33,medium,0.944,0.99,20.2,26.388,103.0,136.0,Tree cover,-1.292,-1.651,0.0,,cloud,Kyauk Mat Tat,MMR006002038
S1-0101,0.33,33,medium,0.945,0.99,23.895,32.845,293.0,321.0,Tree cover,0.905,-3.513,0.0,,cloud,Kyauk Sin,MMR006002022
S1-0710,0.32,32,high,0.935,0.97,13.895,23.382,153.0,181.0,Tree cover,-5.223,-6.969,1.0,-0.754,supported,Taw Kye,MMR006002033
S1-0507,0.32,32,high,0.943,0.98,17.166,26.051,184.0,212.0,Tree cover,-3.214,-1.803,1.0,-0.414,supported,Ti Zit,MMR006002012
S1-1050,0.32,32,medium,0.93,0.96,7.368,19.441,6.0,15.0,Tree cover,-1.647,-1.873,0.156,-0.124,cloud,Auk Kyauk Wut,MMR006002041
S1-0604,0.32,32,medium,0.954,0.99,36.193,38.312,251.0,297.0,Tree cover,-3.148,-2.243,0.0,,cloud,Ka Det Gyi (Khun Hnit Thein),MMR006002017
S1-0951,0.32,32,medium,0.948,0.99,21.705,34.86,57.0,87.0,Tree cover,-1.697,-1.842,0.0,,cloud,Kyauk Twin,MMR006002037
S1-0440,0.32,32,medium,0.949,0.99,18.466,24.178,66.0,88.0,Tree cover,-3.107,-2.133,0.0,,cloud,Auk Yae Hpyu,MMR006002015
S1-0828,0.32,32,high,0.954,0.99,22.699,30.418,22.0,46.0,Tree cover,-1.898,-1.874,1.0,-0.16,supported,Tha Kyet Taw,MMR006002032
S1-0574,0.32,32,high,0.954,0.99,27.485,32.14,242.0,266.0,Tree cover,-3.58,-2.447,1.0,-0.278,supported,Ti Zit,MMR006002012
S1-0331,0.32,32,medium,0.954,0.99,18.931,32.267,57.0,76.0,Tree cover,-3.207,-1.729,0.0,,cloud,Tha Byar,MMR006002004
S1-0232,0.32,32,low,0.956,0.99,16.25,29.284,79.0,101.0,Tree cover,-1.979,-2.315,1.0,-0.051,not seen,Pa Nyit,MMR006002014
S1-0058,0.32,32,medium,0.935,0.97,4.589,13.007,7.0,12.0,Tree cover,-2.161,-0.233,0.0,,cloud,Sa Khan Gyi,MMR006002029
S1-0050,0.32,32,high,0.963,1.0,17.251,28.003,38.0,59.0,Tree cover,-2.003,-2.173,0.0,,cloud,Pan Det Inn,MMR006002023
S1-1018,0.32,32,low,0.932,0.96,20.04,29.098,44.0,100.0,Tree cover,-1.429,-1.88,1.0,-0.059,not seen,Kyauk Wut Pyin,MMR006002039
S1-0375,0.32,32,high,0.943,0.99,19.461,24.141,31.0,56.0,Tree cover,-2.561,-1.825,1.0,-0.184,supported,Sit Pyea,MMR006002010
S1-0682,0.32,32,high,0.967,1.0,13.246,23.779,295.0,308.0,Tree cover,-2.306,-2.261,0.0,,cloud,Tha Pyay Shaung,MMR006002034
S1-0052,0.32,32,medium,0.956,0.99,9.867,14.661,121.0,136.0,Tree cover,-1.596,-1.786,0.0,,cloud,Maung Ma Kan,MMR006002020
S1-0243,0.31,31,low,0.942,0.98,15.317,24.363,183.0,212.0,Tree cover,-2.026,-1.454,1.0,-0.058,not seen,Pa Nyit,MMR006002014
S1-0854,0.31,31,low,0.95,0.99,11.557,18.659,63.0,74.0,Tree cover,-2.244,-1.593,0.71,-0.111,not seen,Tha Kyet Taw,MMR006002032
S1-0014,0.31,31,medium,0.939,0.98,14.815,18.636,64.0,81.0,Tree cover,-0.886,-0.919,0.0,,cloud,Pan Det Inn,MMR006002023
S1-0836,0.31,31,medium,0.947,0.99,23.16,30.019,138.0,166.0,Tree cover,-0.337,-2.699,0.0,,cloud,Tha Kyet Taw,MMR006002032
S1-0361,0.31,31,medium,0.928,0.98,13.977,24.53,33.0,56.0,Tree cover,-2.296,-1.884,0.0,,cloud,Nyin Maw,MMR006002011
S1-0718,0.31,31,medium,0.93,0.96,9.814,15.799,102.0,114.0,Tree cover,-5.06,-5.944,0.0,,cloud,Taw Kye,MMR006002033
S1-1020,0.31,31,low,0.95,0.99,12.615,19.844,53.0,72.0,Tree cover,-1.608,-2.305,1.0,-0.019,not seen,Kyauk Wut Pyin,MMR006002039
S1-1019,0.31,31,low,0.94,0.98,15.637,19.939,57.0,79.0,Tree cover,-2.994,-0.578,1.0,-0.073,not seen,Kyauk Wut Pyin,MMR006002039
S1-0185,0.31,31,medium,0.947,0.98,23.042,29.185,115.0,170.0,Tree cover,-3.83,-3.57,0.0,,cloud,Tha Byar,MMR006002004
S1-0166,0.31,31,medium,0.946,0.99,24.612,29.079,261.0,297.0,Tree cover,-3.531,-1.705,0.0,,cloud,Tha Byar,MMR006002004
S1-0357,0.31,31,medium,0.952,0.99,9.527,22.991,21.0,30.0,Tree cover,-2.619,-3.172,0.0,,cloud,Nyin Maw,MMR006002011
S1-0667,0.31,31,medium,0.938,0.98,31.629,35.711,392.0,449.0,Tree cover,-2.55,-3.263,0.0,,cloud,Tha Pyay Shaung,MMR006002034
S1-0642,0.31,31,high,0.941,0.99,32.957,36.36,292.0,348.0,Tree cover,-1.811,-1.493,1.0,-0.421,supported,Tha Pyay Shaung,MMR006002034
S1-0192,0.31,31,medium,0.955,0.99,7.737,14.074,421.0,427.0,Tree cover,-2.426,-1.631,0.0,,cloud,Pa Nyit,MMR006002014
S1-0304,0.31,31,high,0.981,1.0,31.049,39.712,224.0,261.0,Tree cover,-5.222,-3.368,0.0,,cloud,Tha Byar,MMR006002004
S1-0064,0.31,31,medium,0.938,0.98,8.361,13.33,4.0,9.0,Tree cover,-0.433,0.076,0.0,,cloud,Taung Min Pyaung,MMR006002027
S1-0233,0.31,31,high,0.971,1.0,15.714,18.842,50.0,71.0,Tree cover,-2.603,-2.865,0.0,,cloud,Tha Byar,MMR006002004
S1-0889,0.31,31,medium,0.941,0.98,4.336,13.441,17.0,22.0,Tree cover,-0.927,-1.412,0.0,,cloud,Tha Kyet Taw,MMR006002032
S1-0775,0.31,31,low,0.939,0.97,30.135,35.129,301.0,353.0,Tree cover,-2.122,-1.696,1.0,0.013,not seen,Kyauk Twin,MMR006002037
S1-1037,0.31,31,low,0.958,1.0,29.382,34.541,7.0,43.0,Tree cover,-2.898,-2.77,1.0,-0.021,not seen,Auk Kyauk Wut,MMR006002041
S1-0739,0.3,30,high,0.942,0.98,15.263,23.445,185.0,203.0,Tree cover,-6.052,-7.6,1.0,-0.751,supported,Taw Kye,MMR006002033
S1-0376,0.3,30,high,0.945,0.98,20.728,23.877,49.0,80.0,Tree cover,-2.956,-1.49,1.0,-0.223,supported,Sit Pyea,MMR006002010
S1-0046,0.3,30,medium,0.95,0.98,25.917,30.098,97.0,125.0,Tree cover,-2.628,-1.677,0.0,,cloud,Pan Det Inn,MMR006002023
S1-0157,0.3,30,high,0.975,1.0,37.032,42.042,182.0,222.0,Tree cover,-2.731,-2.031,0.0,,cloud,Kyauk Sin,MMR006002022
S1-0035,0.3,30,medium,0.946,0.99,14.867,22.145,44.0,61.0,Tree cover,-0.984,-2.934,0.0,,cloud,Pan Det Inn,MMR006002023
S1-1009,0.3,30,low,0.923,0.97,6.82,13.388,15.0,23.0,Tree cover,-1.379,-1.95,1.0,0.0,not seen,Kyauk Wut Pyin,MMR006002039
S1-0138,0.3,30,medium,0.959,0.99,8.843,14.075,46.0,59.0,Tree cover,-3.458,-2.47,0.0,,cloud,Kyauk Sin,MMR006002022
S1-0961,0.3,30,high,0.967,0.99,23.622,30.89,121.0,157.0,Tree cover,-3.723,-3.886,0.0,,cloud,Za Lut,MMR006002036
S1-0894,0.3,30,medium,0.952,0.99,22.236,27.593,157.0,185.0,Tree cover,-1.705,-1.829,0.0,,cloud,Tha Kyet Taw,MMR006002032
S1-0924,0.3,30,low,0.946,0.99,19.818,31.42,34.0,62.0,Tree cover,-1.601,-0.665,1.0,-0.131,not seen,Kyauk Twin,MMR006002037
S1-0080,0.3,30,medium,0.943,0.99,9.5,20.214,33.0,43.0,Tree cover,-1.452,-2.604,0.0,,cloud,Ka Myaw Kin,MMR006002031
S1-0296,0.3,30,medium,0.949,0.99,24.596,33.477,101.0,155.0,Tree cover,-3.869,-2.579,0.0,,cloud,Tha Byar,MMR006002004
S1-0278,0.3,30,high,0.971,1.0,23.973,28.66,140.0,169.0,Tree cover,-2.558,-2.444,0.0,,cloud,Tha Byar,MMR006002004
S1-0077,0.3,30,medium,0.938,0.98,13.903,21.274,38.0,53.0,Tree cover,-2.398,-2.702,0.0,,cloud,Na Khan Taw,MMR006002030
S1-0195,0.3,30,medium,0.95,0.98,35.3,41.32,277.0,323.0,Tree cover,-1.642,-1.168,0.0,,cloud,Kyauk Sin,MMR006002022
S1-0188,0.3,30,medium,0.952,0.98,21.71,25.637,253.0,279.0,Tree cover,-1.82,-2.528,0.0,,cloud,Tha Byar,MMR006002004
S1-0773,0.3,30,low,0.942,0.99,39.547,44.751,101.0,148.0,Grassland,-0.907,-3.384,1.0,0.109,not seen,Tha Kyet Taw,MMR006002032
S1-0540,0.3,30,high,0.972,1.0,31.06,34.889,132.0,179.0,Tree cover,-2.993,-3.847,0.0,,cloud,Ti Zit,MMR006002012
S1-0481,0.3,30,high,0.961,0.99,21.655,27.2,367.0,394.0,Tree cover,-1.526,-2.979,0.0,,cloud,Ti Zit,MMR006002012
S1-0833,0.3,30,low,0.927,0.98,11.747,15.05,33.0,44.0,Tree cover,-1.194,-1.474,1.0,0.161,not seen,Tha Kyet Taw,MMR006002032
S1-0819,0.3,30,low,0.949,0.98,9.606,15.302,22.0,33.0,Tree cover,-2.036,-1.697,0.833,-0.081,not seen,Tha Kyet Taw,MMR006002032
S1-0090,0.3,30,medium,0.933,0.97,18.018,21.491,70.0,103.0,Tree cover,-1.164,-0.457,0.0,,cloud,Kyauk Sin,MMR006002022
S1-0091,0.3,30,low,0.932,0.97,7.986,16.043,6.0,13.0,Tree cover,-3.528,-0.974,1.0,-0.075,not seen,Kyauk Sin,MMR006002022
S1-0608,0.3,30,medium,0.954,1.0,26.57,30.827,87.0,128.0,Tree cover,-4.457,-6.111,0.0,,cloud,Ka Det Gyi (Khun Hnit Thein),MMR006002017
S1-1045,0.29,29,low,0.934,0.97,25.955,30.351,50.0,76.0,Tree cover,-3.187,-0.658,1.0,-0.035,not seen,Auk Kyauk Wut,MMR006002041
S1-0001,0.29,29,medium,0.938,0.98,10.054,15.342,43.0,59.0,Tree cover,-1.889,-1.518,0.0,,cloud,Pan Det Inn,MMR006002023
S1-0717,0.29,29,medium,0.944,0.99,30.87,40.697,248.0,288.0,Tree cover,-3.477,-5.125,0.0,,cloud,Taw Kye,MMR006002033
S1-0028,0.29,29,medium,0.944,0.97,11.127,18.646,21.0,35.0,Tree cover,-2.414,-2.476,0.0,,cloud,Pan Det Inn,MMR006002023
S1-0816,0.29,29,low,0.927,0.97,6.057,14.951,15.0,24.0,Tree cover,-0.599,0.161,1.0,-0.127,not seen,Tha Kyet Taw,MMR006002032
S1-0267,0.29,29,medium,0.941,0.98,21.378,39.112,98.0,115.0,Tree cover,-2.001,-1.106,0.0,,cloud,Tha Byar,MMR006002004
S1-0586,0.29,29,medium,0.951,0.99,8.232,16.103,40.0,53.0,Tree cover,-1.231,-2.51,0.0,,cloud,Ka Det Gyi (Khun Hnit Thein),MMR006002017
S1-0408,0.29,29,medium,0.945,0.99,28.863,33.024,148.0,182.0,Tree cover,3.431,0.878,0.0,,cloud,Lay Thun Khan,MMR006002009
S1-0921,0.29,29,high,0.969,1.0,29.343,31.979,82.0,128.0,Tree cover,-2.905,-2.856,0.0,,cloud,Kyauk Twin,MMR006002037
S1-0650,0.29,29,medium,0.952,0.99,17.206,27.94,454.0,471.0,Tree cover,-2.081,-2.141,0.069,-0.144,cloud,Tha Pyay Shaung,MMR006002034
S1-0178,0.29,29,high,0.964,0.99,27.693,31.295,175.0,199.0,Tree cover,-5.272,-4.673,0.0,,cloud,Pan Da Le,MMR006002006
S1-0346,0.29,29,low,0.96,1.0,10.057,15.551,20.0,31.0,Tree cover,-2.536,-2.824,1.0,0.08,not seen,San Hlan,MMR006002013
S1-0353,0.29,29,low,0.949,0.99,22.371,36.935,21.0,47.0,Tree cover,-1.609,-2.167,1.0,-0.0,not seen,San Hlan,MMR006002013
S1-0765,0.29,29,low,0.945,0.99,15.731,23.24,51.0,75.0,Tree cover,-1.415,-2.77,1.0,0.007,not seen,Taw Kye,MMR006002033
S1-0095,0.28,28,medium,0.942,0.98,24.644,30.139,226.0,252.0,Tree cover,-1.169,-2.232,0.107,-0.059,cloud,Kyauk Sin,MMR006002022
S1-0504,0.28,28,high,0.942,0.98,16.638,23.808,176.0,196.0,Tree cover,-1.057,-1.466,1.0,-0.322,supported,Ti Zit,MMR006002012
S1-0909,0.28,28,low,0.94,0.98,18.203,29.674,8.0,25.0,Tree cover,-0.423,-2.638,1.0,-0.003,not seen,Kyauk Twin,MMR006002037
S1-0208,0.28,28,low,0.939,0.98,16.965,25.814,8.0,24.0,Tree cover,-1.311,-1.758,1.0,0.062,not seen,Pa Nyit,MMR006002014
S1-0098,0.28,28,medium,0.945,0.98,9.516,13.57,35.0,43.0,Tree cover,-5.397,-6.145,0.0,,cloud,Thar Yar Kone,MMR006002024
S1-0580,0.28,28,low,0.955,0.99,33.085,36.035,297.0,343.0,Tree cover,-3.486,-1.832,1.0,-0.069,not seen,Ti Zit,MMR006002012
S1-0815,0.28,28,medium,0.95,0.98,7.296,15.197,18.0,25.0,Tree cover,-2.145,-2.033,0.0,,cloud,Tha Kyet Taw,MMR006002032
S1-0823,0.28,28,medium,0.956,0.99,28.538,33.296,191.0,225.0,Tree cover,-2.679,-2.265,0.0,,cloud,Tha Kyet Taw,MMR006002032
S1-0244,0.28,28,medium,0.946,0.99,25.145,32.02,326.0,355.0,Tree cover,-3.457,-1.972,0.0,,cloud,Tha Byar,MMR006002004
S1-0798,0.28,28,medium,0.949,0.99,34.312,38.08,275.0,323.0,Tree cover,-1.764,-2.329,0.0,,cloud,Tha Kyet Taw,MMR006002032
S1-0811,0.28,28,medium,0.944,0.99,24.856,30.56,153.0,203.0,Tree cover,-1.614,-1.65,0.0,,cloud,Tha Kyet Taw,MMR006002032
S1-0908,0.28,28,medium,0.944,0.98,14.653,16.781,57.0,73.0,Tree cover,-3.192,-1.978,0.0,,cloud,Tha Kyet Taw,MMR006002032
S1-0113,0.28,28,low,0.921,0.95,12.802,22.216,24.0,36.0,Tree cover,-1.287,-0.976,1.0,0.021,not seen,Kyauk Sin,MMR006002022
S1-0477,0.28,28,high,0.944,0.98,10.897,23.351,28.0,41.0,Tree cover,-1.754,-1.839,1.0,-0.252,supported,Auk Yae Hpyu,MMR006002015
S1-0968,0.28,28,medium,0.938,0.99,25.136,29.779,124.0,172.0,Tree cover,-3.358,-6.062,0.0,,cloud,Za Lut,MMR006002036
S1-0148,0.28,28,high,0.942,0.98,23.053,27.813,230.0,255.0,Tree cover,-1.954,-0.859,1.0,-0.216,supported,Kyauk Sin,MMR006002022
S1-0996,0.28,28,high,0.957,0.99,15.977,28.977,31.0,47.0,Tree cover,-2.038,-2.43,1.0,-0.322,supported,Kyauk Ni Maw,MMR006002040
S1-0320,0.28,28,low,0.954,1.0,9.696,14.835,63.0,74.0,Tree cover,-5.134,-4.068,1.0,-0.084,not seen,Pa Nyit,MMR006002014
S1-0388,0.28,28,medium,0.932,0.98,6.707,12.576,7.0,12.0,Tree cover,-0.566,0.014,0.0,,cloud,Nyin Maw,MMR006002011
S1-0280,0.28,28,medium,0.942,0.97,15.731,31.244,123.0,140.0,Tree cover,-0.584,-1.758,0.0,,cloud,Pa Nyit,MMR006002014
S1-0859,0.28,28,medium,0.955,0.99,19.613,28.466,181.0,201.0,Tree cover,-1.105,-1.947,0.0,,cloud,Tha Kyet Taw,MMR006002032
S1-0241,0.28,28,high,0.955,1.0,28.058,33.389,62.0,107.0,Tree cover,-1.82,-1.848,1.0,-0.221,supported,Tha Byar,MMR006002004
S1-0583,0.28,28,high,0.962,1.0,22.835,28.696,276.0,302.0,Tree cover,-2.401,-2.631,0.0,,cloud,Ka Det Gyi (Khun Hnit Thein),MMR006002017
S1-0772,0.28,28,medium,0.94,0.98,22.166,27.018,356.0,375.0,Tree cover,-1.696,-2.055,0.0,,cloud,Tha Kyet Taw,MMR006002032
S1-0351,0.28,28,low,0.949,0.98,19.32,27.356,21.0,43.0,Tree cover,-1.992,-0.949,1.0,-0.027,not seen,San Hlan,MMR006002013
S1-0177,0.28,28,medium,0.959,0.99,29.212,36.42,185.0,233.0,Tree cover,-2.459,-1.764,0.0,,cloud,Kyauk Sin,MMR006002022
S1-1013,0.28,28,low,0.94,0.97,10.402,19.865,7.0,19.0,Tree cover,-0.873,-1.225,1.0,-0.042,not seen,Kyauk Wut Pyin,MMR006002039
S1-0205,0.28,28,high,0.961,0.99,14.161,17.576,59.0,77.0,Tree cover,-2.946,-3.952,0.0,,cloud,Tha Byar,MMR006002004
S1-0797,0.28,28,high,0.967,0.99,21.949,31.33,319.0,343.0,Tree cover,-4.217,-3.774,0.0,,cloud,Tha Kyet Taw,MMR006002032
S1-0600,0.28,28,low,0.95,0.99,11.664,17.916,233.0,244.0,Tree cover,-1.841,-1.013,0.964,-0.042,not seen,Ti Zit,MMR006002012
S1-1057,0.28,28,low,0.95,1.0,22.124,29.505,21.0,54.0,Tree cover,-0.976,-2.528,0.893,-0.049,not seen,Kyauk Mat Tat,MMR006002038
S1-0786,0.27,27,medium,0.941,0.99,16.586,19.246,179.0,200.0,Tree cover,-3.312,-1.958,0.0,,cloud,Taw Kye,MMR006002033
S1-0901,0.27,27,low,0.945,0.97,9.225,14.967,29.0,38.0,Tree cover,-2.345,-0.278,1.0,-0.139,not seen,Kyauk Twin,MMR006002037
S1-0266,0.27,27,medium,0.956,0.99,32.424,38.171,263.0,296.0,Tree cover,-2.587,-1.4,0.0,,cloud,Tha Byar,MMR006002004
S1-0848,0.27,27,medium,0.954,0.99,34.066,37.121,218.0,252.0,Tree cover,-2.429,-1.692,0.0,,cloud,Tha Kyet Taw,MMR006002032
S1-1033,0.27,27,low,0.955,0.99,18.706,26.161,178.0,202.0,Tree cover,-2.637,-2.042,1.0,-0.067,not seen,Auk Kyauk Wut,MMR006002041
S1-0721,0.27,27,medium,0.943,0.98,21.527,29.763,399.0,427.0,Tree cover,-4.789,-5.584,0.0,,cloud,Taw Kye,MMR006002033
S1-0352,0.27,27,high,0.973,1.0,29.208,31.692,117.0,150.0,Tree cover,-2.688,-3.997,0.0,,cloud,Tha Byar,MMR006002004
S1-0966,0.27,27,high,0.956,1.0,10.891,18.226,60.0,69.0,Tree cover,-3.148,-2.427,1.0,-0.262,supported,Za Lut,MMR006002036
S1-0301,0.27,27,low,0.951,1.0,11.142,17.557,80.0,89.0,Tree cover,-1.606,-3.148,1.0,-0.043,not seen,Pa Nyit,MMR006002014
S1-1051,0.27,27,low,0.92,0.95,10.61,14.937,16.0,34.0,Tree cover,-1.467,-1.668,1.0,0.001,not seen,Auk Kyauk Wut,MMR006002041
S1-0569,0.27,27,high,0.935,0.98,28.268,39.002,153.0,201.0,Tree cover,-0.283,-1.688,1.0,-0.155,supported,Ti Zit,MMR006002012
S1-0220,0.27,27,high,0.971,1.0,31.922,35.777,304.0,339.0,Tree cover,-4.333,-2.683,0.0,,cloud,Tha Byar,MMR006002004
S1-0662,0.27,27,medium,0.949,0.99,39.428,46.377,317.0,381.0,Tree cover,-2.167,-2.325,0.0,,cloud,Tha Pyay Shaung,MMR006002034
S1-0762,0.27,27,low,0.939,0.97,10.733,16.529,10.0,22.0,Tree cover,-1.983,-0.671,1.0,-0.078,not seen,Taw Kye,MMR006002033
S1-0770,0.27,27,high,0.964,1.0,29.098,30.772,235.0,265.0,Tree cover,-3.268,-2.822,0.0,,cloud,Taw Kye,MMR006002033
S1-0399,0.27,27,high,0.959,0.99,10.996,18.411,90.0,101.0,Tree cover,-4.622,-5.692,1.0,-0.75,supported,Nyin Maw,MMR006002011
S1-0947,0.26,26,medium,0.94,0.98,26.633,31.286,198.0,249.0,Tree cover,-1.9,-0.99,0.0,,cloud,Kyauk Twin,MMR006002037
S1-0112,0.26,26,low,0.968,0.99,26.035,31.951,106.0,131.0,Tree cover,-3.193,-2.944,1.0,0.002,not seen,Kyauk Sin,MMR006002022
S1-0920,0.26,26,low,0.938,0.98,13.784,21.0,25.0,38.0,Tree cover,-1.361,-1.505,1.0,-0.029,not seen,Kyauk Twin,MMR006002037
S1-0429,0.26,26,medium,0.949,0.99,13.459,25.667,137.0,159.0,Tree cover,-1.167,-1.569,0.0,,cloud,Lay Thun Khan,MMR006002009
S1-0469,0.26,26,high,0.967,1.0,27.413,30.235,58.0,81.0,Tree cover,-3.648,-4.293,0.0,,cloud,Auk Yae Hpyu,MMR006002015
S1-0466,0.26,26,medium,0.945,0.98,30.37,32.401,344.0,371.0,Tree cover,-3.63,-1.555,0.0,,cloud,Ti Zit,MMR006002012
S1-0543,0.26,26,medium,0.943,0.98,23.616,32.486,84.0,110.0,Tree cover,-1.379,-1.392,0.0,,cloud,Auk Yae Hpyu,MMR006002015
S1-0791,0.26,26,medium,0.944,0.98,29.285,34.373,104.0,134.0,Tree cover,-2.268,-1.276,0.192,-0.121,cloud,Tha Kyet Taw,MMR006002032
S1-0852,0.26,26,medium,0.948,0.98,15.868,18.937,114.0,129.0,Tree cover,-2.481,-4.724,0.0,,cloud,Tha Kyet Taw,MMR006002032
S1-0513,0.26,26,high,0.948,0.98,22.173,27.993,214.0,243.0,Tree cover,-2.936,-2.936,1.0,-0.433,supported,Ti Zit,MMR006002012
S1-0588,0.26,26,high,0.963,0.99,23.005,25.916,239.0,259.0,Tree cover,-2.461,-1.91,0.0,,cloud,Ka Det Gyi (Khun Hnit Thein),MMR006002017
S1-0875,0.26,26,medium,0.952,0.99,15.075,25.529,31.0,43.0,Tree cover,-1.625,-1.48,0.0,,cloud,Tha Kyet Taw,MMR006002032
S1-0884,0.26,26,medium,0.942,0.98,20.798,23.237,153.0,178.0,Tree cover,-2.14,-1.898,0.0,,cloud,Tha Kyet Taw,MMR006002032
S1-0597,0.26,26,medium,0.959,1.0,40.956,48.039,230.0,288.0,Tree cover,-2.29,-2.749,0.0,,cloud,Ka Det Gyi (Khun Hnit Thein),MMR006002017
S1-0217,0.26,26,medium,0.935,0.98,11.933,16.461,21.0,38.0,Tree cover,-1.807,-2.326,0.0,,cloud,Tha Byar,MMR006002004
S1-0372,0.26,26,low,0.953,0.99,17.078,24.689,34.0,45.0,Tree cover,-2.319,-3.223,0.808,-0.096,not seen,Pyin Htein,MMR006002001
S1-0038,0.26,26,medium,0.943,0.97,12.535,20.835,88.0,107.0,Tree cover,-0.935,-0.339,0.0,,cloud,Pan Det Inn,MMR006002023
S1-1017,0.26,26,low,0.936,0.99,23.514,38.498,62.0,115.0,Tree cover,-2.123,-1.985,1.0,-0.019,not seen,Kyauk Wut Pyin,MMR006002039
S1-0676,0.26,26,medium,0.924,0.97,26.008,28.256,337.0,374.0,Tree cover,-2.789,-1.509,0.0,,cloud,Tha Pyay Shaung,MMR006002034
S1-0341,0.26,26,medium,0.922,0.96,10.445,17.34,46.0,59.0,Tree cover,-1.713,-1.47,0.0,,cloud,Tha Byar,MMR006002004
S1-0957,0.26,26,low,0.954,1.0,18.67,34.47,5.0,25.0,Tree cover,-3.764,-1.258,1.0,-0.06,not seen,Kyauk Twin,MMR006002037
S1-0420,0.26,26,medium,0.959,0.99,18.78,23.745,52.0,69.0,Tree cover,-5.588,-5.645,0.0,,cloud,Lay Thun Khan,MMR006002009
S1-0649,0.26,26,medium,0.934,0.98,21.603,30.008,80.0,99.0,Tree cover,-1.832,-1.299,0.0,,cloud,Ka Det Gyi (Khun Hnit Thein),MMR006002017
S1-0303,0.26,26,medium,0.941,0.98,16.474,20.007,9.0,29.0,Tree cover,1.441,-1.061,0.0,,cloud,Pa Nyit,MMR006002014
S1-0741,0.26,26,medium,0.94,0.98,20.287,29.278,356.0,378.0,Tree cover,-2.665,-1.056,0.0,,cloud,Taw Kye,MMR006002033
S1-0116,0.26,26,low,0.95,0.98,11.273,22.712,54.0,69.0,Tree cover,-1.318,-2.219,1.0,-0.026,not seen,Kyauk Sin,MMR006002022
S1-0374,0.26,26,low,0.951,0.99,12.13,25.395,17.0,30.0,Tree cover,-1.989,-0.978,1.0,-0.103,not seen,Pyin Htein,MMR006002001
S1-0057,0.26,26,medium,0.941,0.99,22.972,29.103,187.0,203.0,Tree cover,-3.304,-1.474,0.0,,cloud,Maung Ma Kan,MMR006002020
S1-0831,0.26,26,low,0.935,0.98,14.568,22.868,76.0,102.0,Tree cover,-1.571,-1.408,1.0,-0.092,not seen,Tha Kyet Taw,MMR006002032
S1-0089,0.26,26,medium,0.936,0.97,14.119,18.297,59.0,76.0,Tree cover,-0.359,-0.799,0.0,,cloud,Kyauk Sin,MMR006002022
S1-1049,0.26,26,high,0.957,1.0,20.153,29.092,4.0,28.0,Tree cover,-3.055,-2.865,0.731,-0.583,supported,Auk Kyauk Wut,MMR006002041
S1-0222,0.26,26,high,0.96,0.99,7.69,12.401,129.0,134.0,Tree cover,-2.441,-2.668,0.0,,cloud,Pa Nyit,MMR006002014
S1-0784,0.26,26,low,0.955,0.99,38.424,41.288,109.0,149.0,Tree cover,-2.227,-1.829,1.0,0.065,not seen,Tha Kyet Taw,MMR006002032
S1-0869,0.25,25,medium,0.951,0.99,34.522,36.628,179.0,227.0,Tree cover,-3.77,-1.901,0.0,,cloud,Tha Kyet Taw,MMR006002032
S1-0838,0.25,25,medium,0.927,0.96,7.723,17.868,70.0,76.0,Tree cover,-1.732,-0.598,0.0,,cloud,Tha Kyet Taw,MMR006002032
S1-0068,0.25,25,medium,0.96,0.99,27.564,31.881,89.0,125.0,Tree cover,-2.92,-2.388,0.0,,cloud,Sa Khan Gyi,MMR006002029
S1-0988,0.25,25,low,0.94,0.97,18.484,24.997,43.0,61.0,Tree cover,-1.866,-1.354,1.0,-0.012,not seen,Kyauk Ni Maw,MMR006002040
S1-0360,0.25,25,medium,0.947,0.99,15.114,26.083,19.0,39.0,Tree cover,-1.705,-1.479,0.0,,cloud,Pyin Htein,MMR006002001
S1-0127,0.25,25,low,0.948,0.99,33.704,41.604,164.0,206.0,Tree cover,-2.934,0.25,1.0,-0.065,not seen,Kyauk Sin,MMR006002022
S1-0766,0.25,25,high,0.956,0.99,24.809,31.868,358.0,393.0,Tree cover,-2.602,-2.689,1.0,-0.254,supported,Taw Kye,MMR006002033
S1-0432,0.25,25,medium,0.952,0.99,17.728,25.758,18.0,34.0,Tree cover,-3.255,-1.361,0.48,-0.116,cloud,Auk Yae Hpyu,MMR006002015
S1-0279,0.25,25,low,0.935,0.98,31.805,39.208,256.0,294.0,Tree cover,-2.256,-1.968,1.0,-0.037,not seen,Tha Byar,MMR006002004
S1-0187,0.25,25,medium,0.941,0.98,29.195,32.676,160.0,204.0,Tree cover,-2.305,-0.53,0.0,,cloud,Kyauk Sin,MMR006002022
S1-0945,0.25,25,medium,0.949,0.98,15.205,18.221,108.0,123.0,Tree cover,-2.766,-1.487,0.0,,cloud,Za Lut,MMR006002036
S1-1007,0.25,25,high,0.96,0.99,24.287,28.06,88.0,128.0,Tree cover,-4.432,-6.316,1.0,-0.702,supported,Kyauk Ni Maw,MMR006002040
S1-0663,0.25,25,medium,0.946,1.0,24.75,33.445,242.0,262.0,Tree cover,-2.043,-1.552,0.0,,cloud,Tha Pyay Shaung,MMR006002034
S1-1021,0.25,25,low,0.933,0.96,6.053,13.505,7.0,13.0,Tree cover,-1.988,-2.52,1.0,0.044,not seen,Kyauk Wut Pyin,MMR006002039
S1-0209,0.25,25,high,0.956,1.0,16.353,25.63,61.0,77.0,Tree cover,-2.992,-1.892,1.0,-0.281,supported,Tha Byar,MMR006002004
S1-0237,0.25,25,medium,0.944,0.99,32.646,36.911,341.0,365.0,Tree cover,-2.326,-2.387,0.0,,cloud,Tha Byar,MMR006002004
S1-0847,0.25,25,medium,0.94,0.98,13.042,17.103,52.0,68.0,Tree cover,-1.899,-3.231,0.0,,cloud,Tha Kyet Taw,MMR006002032
S1-0795,0.25,25,medium,0.926,0.97,30.787,34.169,297.0,335.0,Tree cover,-2.325,-2.898,0.0,,cloud,Tha Kyet Taw,MMR006002032
S1-0421,0.25,25,medium,0.941,0.99,19.86,30.324,22.0,64.0,Tree cover,-3.172,-3.54,0.2,-0.607,cloud,Lay Thun Khan,MMR006002009
S1-0557,0.25,25,medium,0.95,0.99,30.039,38.596,243.0,302.0,Tree cover,-1.198,-2.056,0.0,,cloud,Auk Yae Hpyu,MMR006002015
S1-0602,0.25,25,high,0.957,1.0,14.561,21.737,287.0,302.0,Tree cover,-2.16,-3.533,1.0,-0.427,supported,Ti Zit,MMR006002012
S1-0576,0.25,25,high,0.96,1.0,23.832,30.201,41.0,64.0,Tree cover,-2.72,-4.246,0.0,,cloud,Ka Det Gyi (Khun Hnit Thein),MMR006002017
S1-0460,0.25,25,high,0.964,1.0,19.632,24.023,327.0,353.0,Tree cover,-3.134,-2.986,0.0,,cloud,Ti Zit,MMR006002012
S1-1038,0.25,25,high,0.95,0.99,22.333,34.103,38.0,80.0,Tree cover,-3.22,-2.638,1.0,-0.303,supported,Auk Kyauk Wut,MMR006002041
S1-0912,0.24,24,low,0.922,0.96,10.534,17.293,37.0,53.0,Tree cover,-1.385,-0.077,1.0,-0.124,not seen,Kyauk Twin,MMR006002037
S1-0525,0.24,24,high,0.939,0.97,29.636,31.873,82.0,119.0,Tree cover,-2.404,-1.837,1.0,-0.243,supported,Auk Yae Hpyu,MMR006002015
S1-0526,0.24,24,high,0.952,0.99,19.071,27.543,112.0,132.0,Tree cover,-2.877,-3.652,1.0,-0.489,supported,Auk Yae Hpyu,MMR006002015
S1-0010,0.24,24,medium,0.937,0.98,16.272,23.047,32.0,49.0,Tree cover,-1.905,-1.908,0.0,,cloud,Pan Det Inn,MMR006002023
S1-0686,0.24,24,medium,0.947,0.98,14.887,23.132,243.0,254.0,Tree cover,-1.158,-2.486,0.0,,cloud,Tha Pyay Shaung,MMR006002034
S1-0899,0.24,24,medium,0.942,0.99,26.261,33.957,101.0,141.0,Tree cover,-3.411,-2.298,0.0,,cloud,Tha Kyet Taw,MMR006002032
S1-0085,0.24,24,low,0.924,0.97,15.269,24.298,22.0,40.0,Tree cover,-0.826,-2.499,1.0,-0.015,not seen,Kyauk Sin,MMR006002022
S1-0029,0.24,24,medium,0.956,1.0,8.144,12.387,22.0,29.0,Tree cover,-3.457,-3.63,0.0,,cloud,Pan Det Inn,MMR006002023
S1-1056,0.24,24,high,0.97,1.0,28.738,33.14,130.0,171.0,Tree cover,-4.743,-3.93,0.0,,cloud,Kyauk Mat Tat,MMR006002038
S1-1027,0.24,24,low,0.931,0.99,28.213,29.933,79.0,126.0,Tree cover,-2.954,-1.371,1.0,-0.042,not seen,Auk Kyauk Wut,MMR006002041
S1-0229,0.24,24,medium,0.953,0.98,16.09,25.716,164.0,179.0,Tree cover,-2.521,-2.954,0.0,,cloud,Pa Nyit,MMR006002014
S1-0835,0.24,24,medium,0.927,0.95,14.362,24.735,30.0,55.0,Tree cover,-1.41,-1.89,0.25,-0.222,cloud,Tha Kyet Taw,MMR006002032
S1-0628,0.24,24,medium,0.955,0.99,28.361,33.25,254.0,290.0,Tree cover,-3.019,-2.17,0.0,,cloud,Ka Det Gyi (Khun Hnit Thein),MMR006002017
S1-0756,0.24,24,high,0.928,0.97,18.779,27.068,113.0,150.0,Tree cover,-2.936,-0.867,1.0,-0.442,supported,Taw Kye,MMR006002033
S1-0393,0.24,24,high,0.955,0.99,9.152,12.81,33.0,40.0,Tree cover,-3.467,-5.008,0.5,-0.649,supported,Nyin Maw,MMR006002011
S1-0679,0.24,24,medium,0.941,0.97,11.407,16.01,61.0,80.0,Tree cover,-3.707,-1.292,0.0,,cloud,Tha Pyay Shaung,MMR006002034
S1-0410,0.24,24,medium,0.952,1.0,33.586,43.548,216.0,269.0,Tree cover,-4.263,-2.851,0.0,,cloud,Lay Thun Khan,MMR006002009
S1-0109,0.24,24,low,0.933,0.98,16.374,22.418,41.0,66.0,Tree cover,-1.911,-1.507,1.0,-0.018,not seen,Kyauk Sin,MMR006002022
S1-0111,0.24,24,low,0.935,0.97,22.499,26.96,206.0,241.0,Tree cover,-0.941,-1.266,1.0,0.003,not seen,Kyauk Sin,MMR006002022
S1-0269,0.24,24,low,0.945,0.99,24.675,39.102,127.0,162.0,Tree cover,-1.294,-2.296,1.0,-0.108,not seen,Tha Byar,MMR006002004
S1-0260,0.24,24,medium,0.957,0.99,40.038,42.34,293.0,339.0,Tree cover,-2.801,-2.019,0.0,,cloud,Tha Byar,MMR006002004
S1-0170,0.23,23,high,0.961,1.0,23.871,30.053,228.0,246.0,Tree cover,-3.806,-3.379,0.043,-0.651,cloud,Pan Da Le,MMR006002006
S1-0992,0.23,23,low,0.941,0.98,23.941,27.959,59.0,75.0,Tree cover,-2.645,-0.847,1.0,-0.06,not seen,Kyauk Ni Maw,MMR006002040
S1-0317,0.23,23,medium,0.943,0.99,18.465,27.198,47.0,73.0,Tree cover,-1.717,-1.112,0.0,,cloud,Tha Byar,MMR006002004
S1-0056,0.23,23,high,0.966,1.0,15.451,21.268,29.0,44.0,Tree cover,-2.684,-3.284,0.0,,cloud,Sa Khan Gyi,MMR006002029
S1-0144,0.23,23,low,0.95,0.99,30.9,36.889,113.0,156.0,Tree cover,-2.072,-1.066,1.0,-0.084,not seen,Kyauk Sin,MMR006002022
S1-0383,0.23,23,low,0.95,0.99,24.612,35.066,68.0,93.0,Tree cover,-2.932,-2.17,1.0,-0.096,not seen,Nyin Maw,MMR006002011
S1-0839,0.23,23,medium,0.933,0.98,21.7,31.918,78.0,96.0,Tree cover,-1.135,-3.538,0.0,,cloud,Tha Kyet Taw,MMR006002032
S1-1059,0.23,23,medium,0.943,0.99,28.39,36.718,88.0,115.0,Tree cover,-0.95,-1.067,0.0,,cloud,Kyauk Mat Tat,MMR006002038
S1-0031,0.23,23,medium,0.933,0.97,21.355,25.787,68.0,85.0,Tree cover,-1.759,-1.904,0.0,,cloud,Pan Det Inn,MMR006002023
S1-0577,0.23,23,high,0.96,0.99,28.525,32.168,288.0,317.0,Tree cover,-5.082,-3.483,0.0,,cloud,Ka Det Gyi (Khun Hnit Thein),MMR006002017
S1-0485,0.23,23,low,0.953,0.99,9.998,17.318,26.0,33.0,Tree cover,-2.325,-0.693,1.0,-0.133,not seen,Auk Yae Hpyu,MMR006002015
S1-0544,0.23,23,high,0.944,0.98,24.372,30.726,265.0,300.0,Tree cover,-3.236,-1.83,1.0,-0.178,supported,Ti Zit,MMR006002012
S1-0032,0.23,23,medium,0.927,0.97,10.487,18.745,45.0,55.0,Tree cover,-2.463,-1.217,0.0,,cloud,Pan Det Inn,MMR006002023
S1-0164,0.22,22,high,0.965,0.99,15.854,21.712,271.0,290.0,Tree cover,-4.928,-3.276,0.0,,cloud,Kyauk Sin,MMR006002022
S1-0561,0.22,22,high,0.96,0.99,26.691,35.132,158.0,205.0,Tree cover,-1.942,-0.631,0.136,-0.622,cloud,Ti Zit,MMR006002012
S1-0235,0.22,22,medium,0.938,0.98,22.734,26.667,176.0,194.0,Tree cover,-1.753,-2.855,0.0,,cloud,Pa Nyit,MMR006002014
S1-0781,0.22,22,medium,0.916,0.96,21.876,26.571,207.0,241.0,Tree cover,0.275,-2.04,0.0,,cloud,Taw Kye,MMR006002033
S1-0842,0.22,22,medium,0.945,0.98,31.972,35.367,217.0,247.0,Tree cover,-1.672,-2.172,0.0,,cloud,Tha Kyet Taw,MMR006002032
S1-0821,0.22,22,low,0.937,0.98,7.723,14.742,41.0,46.0,Tree cover,-1.595,-2.019,1.0,-0.045,not seen,Tha Kyet Taw,MMR006002032
S1-0003,0.22,22,medium,0.955,0.99,8.533,12.757,58.0,64.0,Tree cover,-2.827,-2.12,0.0,,cloud,Pan Det Inn,MMR006002023
S1-0593,0.22,22,medium,0.938,0.98,11.042,16.333,69.0,79.0,Tree cover,-3.167,-5.767,0.0,,cloud,Ka Det Gyi (Khun Hnit Thein),MMR006002017
S1-0225,0.22,22,high,0.966,1.0,22.236,27.045,145.0,166.0,Tree cover,-1.796,-4.948,0.0,,cloud,Pa Nyit,MMR006002014
S1-0016,0.22,22,medium,0.945,0.98,16.88,27.552,64.0,77.0,Tree cover,-1.218,-1.189,0.0,,cloud,Pan Det Inn,MMR006002023
S1-0746,0.22,22,medium,0.951,0.99,26.799,32.524,157.0,187.0,Tree cover,-3.531,-3.401,0.136,-0.432,cloud,Tha Kyet Taw,MMR006002032
S1-0302,0.22,22,medium,0.94,0.98,31.598,36.462,220.0,253.0,Tree cover,-1.123,-2.379,0.0,,cloud,Tha Byar,MMR006002004
S1-0292,0.22,22,medium,0.937,0.97,23.497,26.565,249.0,273.0,Tree cover,-2.101,-2.228,0.0,,cloud,Pa Nyit,MMR006002014
S1-0336,0.22,22,medium,0.948,0.98,16.533,23.539,67.0,83.0,Tree cover,-2.871,-2.935,0.0,,cloud,Tha Byar,MMR006002004
S1-0363,0.22,22,medium,0.944,0.98,23.783,28.876,109.0,138.0,Tree cover,-1.729,-1.244,0.0,,cloud,Nyin Maw,MMR006002011
S1-0994,0.22,22,low,0.948,0.99,23.566,28.104,16.0,43.0,Tree cover,-2.308,-3.983,1.0,-0.01,not seen,Kyauk Ni Maw,MMR006002040
S1-1010,0.22,22,low,0.937,0.98,15.465,24.618,53.0,75.0,Tree cover,-2.709,-1.912,1.0,-0.12,not seen,Kyauk Wut Pyin,MMR006002039
S1-0653,0.22,22,medium,0.943,0.98,11.397,15.196,17.0,27.0,Tree cover,-0.659,-2.517,0.0,,cloud,Tha Pyay Shaung,MMR006002034
S1-0617,0.22,22,medium,0.945,0.99,46.969,50.254,375.0,434.0,Tree cover,-2.619,-2.493,0.0,,cloud,Ka Det Gyi (Khun Hnit Thein),MMR006002017
S1-0412,0.22,22,medium,0.953,0.99,29.284,33.848,121.0,149.0,Tree cover,-1.991,-2.699,0.0,,cloud,Lay Thun Khan,MMR006002009
S1-0438,0.22,22,medium,0.931,0.96,10.568,15.474,98.0,106.0,Tree cover,-0.445,-2.043,0.0,,cloud,Auk Yae Hpyu,MMR006002015
S1-0621,0.22,22,high,0.968,1.0,44.213,47.984,394.0,460.0,Tree cover,-1.899,-3.9,0.0,,cloud,Ka Det Gyi (Khun Hnit Thein),MMR006002017
S1-0189,0.22,22,medium,0.949,0.99,30.428,39.414,330.0,361.0,Tree cover,-3.133,-1.626,0.0,,cloud,Pa Nyit,MMR006002014
S1-0251,0.22,22,high,0.935,0.99,19.881,24.631,292.0,323.0,Tree cover,-3.494,-2.32,0.773,-0.173,supported,Tha Byar,MMR006002004
S1-0872,0.22,22,high,0.933,0.97,18.132,32.596,128.0,156.0,Tree cover,-5.976,-5.879,1.0,-0.676,supported,Tha Kyet Taw,MMR006002032
S1-0512,0.22,22,high,0.946,0.98,27.776,33.148,226.0,263.0,Tree cover,-3.253,-2.029,1.0,-0.281,supported,Ti Zit,MMR006002012
S1-0868,0.22,22,medium,0.94,0.99,24.278,33.378,149.0,191.0,Tree cover,-0.176,-0.793,0.0,,cloud,Tha Kyet Taw,MMR006002032
S1-0915,0.21,21,medium,0.939,0.97,29.1,36.419,39.0,79.0,Tree cover,-2.316,-1.62,0.0,,cloud,Tha Kyet Taw,MMR006002032
S1-0906,0.21,21,medium,0.922,0.96,7.327,14.916,38.0,46.0,Tree cover,-0.883,-1.365,0.0,,cloud,Tha Kyet Taw,MMR006002032
S1-0861,0.21,21,medium,0.937,0.96,15.431,21.954,158.0,169.0,Tree cover,-6.948,-6.53,0.0,,cloud,Tha Kyet Taw,MMR006002032
S1-0883,0.21,21,high,0.975,1.0,21.811,29.609,220.0,246.0,Tree cover,-4.561,-3.414,0.0,,cloud,Kyauk Twin,MMR006002037
S1-1058,0.21,21,medium,0.924,0.96,8.343,15.799,21.0,27.0,Tree cover,-0.193,-1.385,0.0,,cloud,Kyauk Mat Tat,MMR006002038
S1-0219,0.21,21,medium,0.939,0.98,21.55,26.9,240.0,261.0,Tree cover,-2.704,-2.752,0.0,,cloud,Tha Byar,MMR006002004
S1-0387,0.21,21,high,0.964,1.0,14.446,21.021,62.0,74.0,Tree cover,-3.547,-4.904,0.0,,cloud,Nyin Maw,MMR006002011
S1-0338,0.21,21,high,0.967,0.99,19.386,24.921,84.0,112.0,Tree cover,-4.133,-3.649,0.0,,cloud,Tha Byar,MMR006002004
S1-0364,0.21,21,medium,0.95,0.99,20.884,28.297,38.0,61.0,Tree cover,-3.466,-1.735,0.0,,cloud,Pyin Htein,MMR006002001
S1-0359,0.21,21,low,0.941,0.97,12.509,19.311,15.0,30.0,Tree cover,-2.655,-2.619,0.952,-0.009,not seen,Pyin Htein,MMR006002001
S1-0133,0.21,21,low,0.931,0.98,17.697,30.761,46.0,68.0,Tree cover,-1.194,-2.92,1.0,-0.128,not seen,Kyauk Sin,MMR006002022
S1-0980,0.21,21,medium,0.946,0.98,29.104,30.712,106.0,142.0,Tree cover,-5.926,-8.471,0.0,,cloud,Kyauk Ni Maw,MMR006002040
S1-0981,0.21,21,low,0.948,0.99,23.496,32.218,64.0,78.0,Tree cover,-3.86,-2.933,1.0,-0.113,not seen,Za Lut,MMR006002036
S1-0986,0.21,21,low,0.946,0.98,26.34,29.678,86.0,110.0,Tree cover,-1.289,-2.067,1.0,0.029,not seen,Kyauk Ni Maw,MMR006002040
S1-0119,0.21,21,low,0.944,0.98,17.968,23.847,38.0,54.0,Tree cover,-1.92,-1.931,1.0,-0.016,not seen,Kyauk Sin,MMR006002022
S1-0118,0.21,21,low,0.944,0.97,11.369,21.551,21.0,28.0,Tree cover,-1.281,-1.333,1.0,0.123,not seen,Kyauk Sin,MMR006002022
S1-0970,0.21,21,low,0.948,0.99,10.333,13.298,47.0,55.0,Tree cover,-2.179,-1.142,1.0,-0.011,not seen,Za Lut,MMR006002036
S1-0312,0.21,21,medium,0.931,0.97,24.752,31.291,88.0,126.0,Tree cover,-2.12,-2.897,0.286,-0.597,cloud,Tha Byar,MMR006002004
S1-0644,0.21,21,medium,0.935,0.98,36.016,37.692,211.0,255.0,Tree cover,-2.72,-2.143,0.0,,cloud,Ka Det Gyi (Khun Hnit Thein),MMR006002017
S1-0944,0.21,21,low,0.931,0.97,17.837,22.323,20.0,41.0,Tree cover,-1.528,-2.133,1.0,0.017,not seen,Kyauk Twin,MMR006002037
S1-0114,0.21,21,medium,0.929,0.97,33.09,36.99,114.0,154.0,Tree cover,-6.705,-7.099,0.0,,cloud,Min Yat,MMR006002008
S1-0282,0.21,21,low,0.945,0.98,27.539,33.425,219.0,243.0,Tree cover,-1.838,-1.797,1.0,-0.148,not seen,Tha Byar,MMR006002004
S1-0439,0.21,21,medium,0.951,0.99,11.426,17.606,109.0,119.0,Tree cover,-3.138,-1.505,0.0,,cloud,Auk Yae Hpyu,MMR006002015
S1-0900,0.21,21,low,0.944,0.99,7.477,13.225,21.0,28.0,Tree cover,-2.667,-2.241,1.0,-0.013,not seen,Kyauk Twin,MMR006002037
S1-0554,0.21,21,medium,0.951,0.99,18.982,31.756,226.0,256.0,Tree cover,-2.049,-3.022,0.0,,cloud,Ti Zit,MMR006002012
S1-1036,0.21,21,low,0.942,0.98,7.441,13.439,29.0,37.0,Tree cover,-1.688,-2.234,1.0,-0.087,not seen,Auk Kyauk Wut,MMR006002041
S1-0562,0.21,21,high,0.939,0.99,24.151,29.196,147.0,172.0,Tree cover,-1.629,-0.638,1.0,-0.175,supported,Ti Zit,MMR006002012
S1-0084,0.21,21,medium,0.945,0.98,12.5,15.603,30.0,38.0,Tree cover,-2.047,-2.68,0.0,,cloud,Kyauk Sin,MMR006002022
S1-0198,0.21,21,high,0.968,0.99,32.772,35.01,126.0,155.0,Tree cover,-2.627,-5.1,0.0,,cloud,Tha Byar,MMR006002004
S1-0917,0.21,21,high,0.923,0.96,5.147,14.324,25.0,29.0,Tree cover,-0.171,-1.913,1.0,-0.302,supported,Kyauk Twin,MMR006002037
S1-0967,0.21,21,low,0.939,0.98,26.005,33.706,9.0,47.0,Tree cover,-2.689,-0.676,1.0,-0.058,not seen,Kyauk Twin,MMR006002037
S1-1062,0.2,20,medium,0.938,0.97,11.429,16.848,38.0,52.0,Tree cover,-0.972,-2.303,0.0,,cloud,Kyauk Mat Tat,MMR006002038
S1-0324,0.2,20,medium,0.946,0.99,16.376,20.426,191.0,203.0,Tree cover,-3.467,-3.076,0.0,,cloud,Tha Byar,MMR006002004
S1-0704,0.2,20,medium,0.938,0.97,15.843,20.828,242.0,257.0,Tree cover,-0.435,-0.337,0.0,,cloud,Tha Pyay Shaung,MMR006002034
S1-0701,0.2,20,high,0.932,0.97,17.392,30.976,64.0,74.0,Tree cover,-3.26,-7.082,1.0,-0.713,supported,Taw Kye,MMR006002033
S1-1022,0.2,20,low,0.938,0.98,24.146,28.115,126.0,142.0,Tree cover,-0.579,-2.903,1.0,-0.072,not seen,Kyauk Wut Pyin,MMR006002039
S1-0799,0.2,20,medium,0.936,0.98,9.569,16.217,301.0,308.0,Tree cover,-1.759,-1.469,0.0,,cloud,Tha Kyet Taw,MMR006002032
S1-0573,0.2,20,high,0.948,0.99,36.162,45.998,183.0,224.0,Tree cover,-2.21,-1.911,0.8,-0.31,supported,Ti Zit,MMR006002012
S1-0907,0.2,20,low,0.948,0.99,18.775,26.935,25.0,45.0,Tree cover,-0.477,-1.998,1.0,-0.115,not seen,Kyauk Twin,MMR006002037
S1-0898,0.2,20,medium,0.935,0.98,17.794,24.359,58.0,78.0,Tree cover,-1.539,-1.797,0.0,,cloud,Kyauk Twin,MMR006002037
S1-0264,0.2,20,low,0.929,0.97,38.487,44.25,224.0,263.0,Tree cover,-2.576,-2.217,1.0,0.316,not seen,Tha Byar,MMR006002004
S1-0258,0.2,20,medium,0.922,0.95,21.714,28.12,202.0,225.0,Tree cover,-3.652,-1.014,0.0,,cloud,Tha Byar,MMR006002004
S1-0247,0.2,20,medium,0.929,0.96,15.417,24.414,171.0,186.0,Tree cover,-1.61,-3.342,0.0,,cloud,Tha Byar,MMR006002004
S1-0881,0.2,20,medium,0.949,0.98,23.379,25.436,148.0,174.0,Tree cover,-1.682,-1.122,0.0,,cloud,Tha Kyet Taw,MMR006002032
S1-0262,0.2,20,medium,0.93,0.97,20.138,26.814,100.0,123.0,Tree cover,-2.934,-1.26,0.0,,cloud,Pa Nyit,MMR006002014
S1-0591,0.2,20,high,0.966,1.0,25.235,31.144,205.0,230.0,Tree cover,-3.851,-1.545,0.0,,cloud,Ka Det Gyi (Khun Hnit Thein),MMR006002017
S1-0023,0.2,20,medium,0.938,0.98,12.834,15.796,50.0,62.0,Tree cover,-2.617,-1.973,0.0,,cloud,Pan Det Inn,MMR006002023
S1-0330,0.2,20,medium,0.942,0.98,19.004,32.325,76.0,97.0,Tree cover,-0.633,-2.103,0.0,,cloud,Tha Byar,MMR006002004
S1-0281,0.2,20,medium,0.958,0.99,35.956,40.422,232.0,274.0,Tree cover,-3.08,-3.27,0.0,,cloud,Tha Byar,MMR006002004
S1-0629,0.2,20,medium,0.93,0.97,27.185,29.797,184.0,211.0,Tree cover,-1.791,-2.321,0.0,,cloud,Ka Det Gyi (Khun Hnit Thein),MMR006002017
S1-0470,0.2,20,high,0.95,0.99,30.719,33.009,344.0,372.0,Tree cover,-3.453,-2.949,1.0,-0.499,supported,Ti Zit,MMR006002012
S1-0434,0.2,20,medium,0.927,0.95,18.887,22.884,81.0,97.0,Tree cover,-2.891,-0.75,0.0,,cloud,Auk Yae Hpyu,MMR006002015
S1-0931,0.2,20,low,0.951,1.0,29.129,32.986,92.0,123.0,Tree cover,-2.835,-1.856,1.0,-0.09,not seen,Kyauk Twin,MMR006002037
S1-0940,0.2,20,medium,0.926,0.96,10.471,18.542,20.0,32.0,Tree cover,-1.729,-0.969,0.0,,cloud,Kyauk Twin,MMR006002037
S1-0419,0.2,20,high,0.968,1.0,10.578,15.671,20.0,30.0,Tree cover,-4.241,-4.108,0.5,-0.648,supported,Lay Thun Khan,MMR006002009
S1-0194,0.2,20,high,0.928,0.97,17.483,28.513,65.0,90.0,Tree cover,-3.22,-4.636,0.75,-0.662,supported,Tha Byar,MMR006002004
S1-0942,0.2,20,medium,0.934,0.97,20.897,28.36,85.0,114.0,Tree cover,-4.362,-0.1,0.0,,cloud,Kyauk Twin,MMR006002037
S1-0283,0.2,20,medium,0.959,0.99,31.45,36.372,165.0,190.0,Tree cover,-3.201,-2.507,0.0,,cloud,Tha Byar,MMR006002004
S1-0079,0.2,20,medium,0.931,0.97,7.533,12.74,12.0,17.0,Tree cover,-1.446,-3.243,0.0,,cloud,Ka Myaw Kin,MMR006002031
S1-0362,0.2,20,medium,0.943,0.98,27.437,30.002,142.0,175.0,Tree cover,-2.788,-2.296,0.0,,cloud,Nyin Maw,MMR006002011
S1-0369,0.2,20,high,0.964,1.0,12.095,14.604,51.0,61.0,Tree cover,-3.536,-4.638,0.0,,cloud,Pyin Htein,MMR006002001
S1-0342,0.2,20,low,0.944,0.99,18.272,28.385,110.0,132.0,Tree cover,-1.788,-2.703,1.0,-0.07,not seen,Pa Nyit,MMR006002014
S1-0671,0.2,20,medium,0.942,0.97,40.853,46.217,219.0,284.0,Tree cover,-3.378,-1.567,0.0,,cloud,Tha Pyay Shaung,MMR006002034
S1-0154,0.2,20,low,0.956,0.99,21.448,28.801,268.0,286.0,Tree cover,-1.444,-2.826,1.0,-0.064,not seen,Kyauk Sin,MMR006002022
S1-0370,0.2,20,low,0.929,0.96,11.715,15.834,16.0,22.0,Tree cover,-2.774,-1.972,1.0,-0.012,not seen,Pyin Htein,MMR006002001
S1-0344,0.2,20,medium,0.942,0.99,35.527,39.806,163.0,189.0,Tree cover,-2.859,-1.994,0.0,,cloud,Tha Byar,MMR006002004
S1-0355,0.2,20,high,0.963,1.0,30.036,40.728,213.0,250.0,Tree cover,-4.083,-3.836,0.0,,cloud,Nyin Maw,MMR006002011
S1-1014,0.2,20,low,0.952,0.99,29.773,34.665,181.0,208.0,Tree cover,-3.051,-0.997,1.0,-0.039,not seen,Kyauk Wut Pyin,MMR006002039
S1-1067,0.2,20,medium,0.934,0.98,15.765,23.167,293.0,304.0,Tree cover,-0.955,-1.007,0.0,,cloud,Kyauk Mat Tat,MMR006002038
S1-1068,0.2,20,medium,0.946,0.98,26.044,28.911,302.0,333.0,Tree cover,-3.662,-2.806,0.0,,cloud,Kyauk Mat Tat,MMR006002038
